{
    "hits": {
        "hits@1": 0.08900069396252602,
        "hits@5": 0.47430170020818874,
        "hits@10": 0.7146295975017349,
        "soft_hits@1_eps=0.01": 0.42401110340041637,
        "soft_hits@5_eps=0.01": 0.7123742192921583,
        "soft_hits@10_eps=0.01": 0.7777801873698821,
        "soft_hits@1_eps=0.05": 0.6490067661346287,
        "soft_hits@5_eps=0.05": 0.8329935808466343,
        "soft_hits@10_eps=0.05": 0.8546582234559333,
        "soft_hits@1_eps=0.1": 0.7723152324774463,
        "soft_hits@5_eps=0.1": 0.8670844899375434,
        "soft_hits@10_eps=0.1": 0.8853877515614157
    },
    "mrr": {
        "mrr": 0.2836152826484874,
        "soft_mrr@0.01": 0.5354710755518055,
        "soft_mrr@0.05": 0.7375375288757695,
        "soft_mrr@0.1": 0.8195720173468298
    },
    "mean_rank": {
        "mean_rank_strict": 8.987009888965996,
        "mean_rank_soft@0.01": 20.141264746703676,
        "mean_rank_soft@0.05": 24.49713740458015,
        "mean_rank_soft@0.1": 27.35051613462873
    },
    "ndcg": {
        "strict_ndcg@10": 0.37221067785757156,
        "soft_ndcg@10@0.01": 0.6468170842531579,
        "soft_ndcg@10@0.05": 0.8016637210419993,
        "soft_ndcg@10@0.1": 0.8535127824615908
    },
    "median_rank": {
        "strict_median_rank": 6.0,
        "soft_median_rank@0.01": 22.0,
        "soft_median_rank@0.05": 25.0,
        "soft_median_rank@0.1": 27.0
    }
}