{
    "0.5": {
        "accuracy": 0.7087918640833542,
        "balanced_accuracy": 0.7087997018628893,
        "precision": 0.679857257627562,
        "recall": 0.7891221374045801,
        "f1_score": 0.7304260551011191,
        "roc_auc": 0.8206646195466799,
        "pr_auc": 0.8387241979353337,
        "mcc": 0.42309159453840717
    },
    "0.6": {
        "accuracy": 0.7047911268201186,
        "balanced_accuracy": 0.7047638561107876,
        "precision": 0.9642541056151047,
        "recall": 0.42529059680777237,
        "f1_score": 0.5902483069977427,
        "roc_auc": 0.8206646195466799,
        "pr_auc": 0.8387241979353337,
        "mcc": 0.4938967482819134
    },
    "0.7": {
        "accuracy": 0.7028612318801297,
        "balanced_accuracy": 0.702833497765307,
        "precision": 0.97,
        "recall": 0.4186112074947953,
        "f1_score": 0.5848330606556383,
        "roc_auc": 0.8206646195466799,
        "pr_auc": 0.8387241979353337,
        "mcc": 0.4930957230618259
    },
    "0.8": {
        "accuracy": 0.7008446000889053,
        "balanced_accuracy": 0.7008165295231394,
        "precision": 0.9728832601368603,
        "recall": 0.4131462526023595,
        "f1_score": 0.5799920845130453,
        "roc_auc": 0.8206646195466799,
        "pr_auc": 0.8387241979353337,
        "mcc": 0.49106215892368343
    },
    "0.9": {
        "accuracy": 0.6985677577439745,
        "balanced_accuracy": 0.6985393147540983,
        "precision": 0.9760790431617264,
        "recall": 0.40705239417071476,
        "f1_score": 0.5745156254782529,
        "roc_auc": 0.8206646195466799,
        "pr_auc": 0.8387241979353337,
        "mcc": 0.48873434063664434
    },
    "1.0": {
        "accuracy": 0.5000487894788199,
        "balanced_accuracy": 0.5,
        "precision": 0.0,
        "recall": 0.0,
        "f1_score": 0.0,
        "roc_auc": 0.8206646195466799,
        "pr_auc": 0.8387241979353337,
        "mcc": 0.0
    }
}