{
    "hits": {
        "hits@1": 0.309430361905588,
        "hits@5": 0.618513780167834,
        "hits@10": 0.8850532341652753,
        "soft_hits@1_eps=0.01": 0.9641997528026541,
        "soft_hits@5_eps=0.01": 0.9759091007654445,
        "soft_hits@10_eps=0.01": 0.9774052952273565,
        "soft_hits@1_eps=0.05": 0.9792484333326106,
        "soft_hits@5_eps=0.05": 0.9878569724830323,
        "soft_hits@10_eps=0.05": 0.9886809636359694,
        "soft_hits@1_eps=0.1": 0.9834984929635492,
        "soft_hits@5_eps=0.1": 0.9908276774291476,
        "soft_hits@10_eps=0.1": 0.9913914608495783
    },
    "mrr": {
        "mrr": 0.46756020121073016,
        "soft_mrr@0.01": 0.9699644083103605,
        "soft_mrr@0.05": 0.9834253549546802,
        "soft_mrr@0.1": 0.9870499094238837
    },
    "mean_rank": {
        "mean_rank_strict": 5.2450289481102415,
        "mean_rank_soft@0.01": 14.907669622915627,
        "mean_rank_soft@0.05": 15.597024958258343,
        "mean_rank_soft@0.1": 15.950734002645445
    },
    "ndcg": {
        "strict_ndcg@10": 0.5594590054565305,
        "soft_ndcg@10@0.01": 0.9712925599549636,
        "soft_ndcg@10@0.05": 0.9848575966335477,
        "soft_ndcg@10@0.1": 0.988478364095829
    },
    "median_rank": {
        "strict_median_rank": 3.0,
        "soft_median_rank@0.01": 18.0,
        "soft_median_rank@0.05": 18.0,
        "soft_median_rank@0.1": 19.0
    }
}