{
    "0.5": {
        "accuracy": 0.9829242117560757,
        "balanced_accuracy": 0.9767412912066324,
        "precision": 0.9849195934073267,
        "recall": 0.960188216926513,
        "f1_score": 0.972396679696078,
        "roc_auc": 0.9990684585994962,
        "pr_auc": 0.998010926067656,
        "mcc": 0.9602009161997266
    },
    "0.6": {
        "accuracy": 0.9828019507423961,
        "balanced_accuracy": 0.9757323727763348,
        "precision": 0.9879099966416658,
        "recall": 0.9568055164039292,
        "f1_score": 0.9721090083937345,
        "roc_auc": 0.9990684585994962,
        "pr_auc": 0.998010926067656,
        "mcc": 0.9599383450400766
    },
    "0.7": {
        "accuracy": 0.9826864820072542,
        "balanced_accuracy": 0.974987860053221,
        "precision": 0.9899905528813712,
        "recall": 0.9543769109005356,
        "f1_score": 0.9718575765939829,
        "roc_auc": 0.9990684585994962,
        "pr_auc": 0.998010926067656,
        "mcc": 0.9596967496736785
    },
    "0.8": {
        "accuracy": 0.982380829473055,
        "balanced_accuracy": 0.9740046367794302,
        "precision": 0.9918408859758164,
        "recall": 0.9515796777760912,
        "f1_score": 0.9712932427347779,
        "roc_auc": 0.9990684585994962,
        "pr_auc": 0.998010926067656,
        "mcc": 0.9590193392084172
    },
    "0.9": {
        "accuracy": 0.9815589637699863,
        "balanced_accuracy": 0.9719969301103022,
        "precision": 0.9944631790010937,
        "recall": 0.9463972071036711,
        "f1_score": 0.9698350091661574,
        "roc_auc": 0.9990684585994962,
        "pr_auc": 0.998010926067656,
        "mcc": 0.9571757340027868
    },
    "1.0": {
        "accuracy": 0.6867604906742015,
        "balanced_accuracy": 0.5,
        "precision": 0.0,
        "recall": 0.0,
        "f1_score": 0.0,
        "roc_auc": 0.9990684585994962,
        "pr_auc": 0.998010926067656,
        "mcc": 0.0
    }
}