{
    "hits": {
        "hits@1": 0.5506646139167769,
        "hits@5": 0.8014181321421602,
        "hits@10": 0.8930763059175575,
        "soft_hits@1_eps=0.01": 0.6326734176117267,
        "soft_hits@5_eps=0.01": 0.8046924127761996,
        "soft_hits@10_eps=0.01": 0.8984756163670664,
        "soft_hits@1_eps=0.05": 0.6591929223496759,
        "soft_hits@5_eps=0.05": 0.8203048767265867,
        "soft_hits@10_eps=0.05": 0.9184031918815188,
        "soft_hits@1_eps=0.1": 0.6839560248932064,
        "soft_hits@5_eps=0.1": 0.8431814732094456,
        "soft_hits@10_eps=0.1": 0.9440119695556953
    },
    "mrr": {
        "mrr": 0.669533758864738,
        "soft_mrr@0.01": 0.7141392284393654,
        "soft_mrr@0.05": 0.7354793492860915,
        "soft_mrr@0.1": 0.757220736250001
    },
    "mean_rank": {
        "mean_rank_strict": 3.908732137823362,
        "mean_rank_soft@0.01": 5.4077238328599,
        "mean_rank_soft@0.05": 6.824229676691893,
        "mean_rank_soft@0.1": 8.070321139709868
    },
    "ndcg": {
        "strict_ndcg@10": 0.7183259318767273,
        "soft_ndcg@10@0.01": 0.7571307484857024,
        "soft_ndcg@10@0.05": 0.7918699625158636,
        "soft_ndcg@10@0.1": 0.8274160828599036
    },
    "median_rank": {
        "strict_median_rank": 1.0,
        "soft_median_rank@0.01": 3.0,
        "soft_median_rank@0.05": 3.0,
        "soft_median_rank@0.1": 4.0
    }
}