{
    "0.5": {
        "accuracy": 0.891846548843275,
        "balanced_accuracy": 0.8569886887007598,
        "precision": 0.8751553103722479,
        "recall": 0.7636663269510159,
        "f1_score": 0.8156185226785859,
        "roc_auc": 0.9555790957252777,
        "pr_auc": 0.9240303900000933,
        "mcc": 0.7430374247824885
    },
    "0.6": {
        "accuracy": 0.8918125874505862,
        "balanced_accuracy": 0.8471044620482269,
        "precision": 0.9090317860336558,
        "recall": 0.7274107162217838,
        "f1_score": 0.8081426162370513,
        "roc_auc": 0.9555790957252777,
        "pr_auc": 0.9240303900000933,
        "mcc": 0.7429366028243907
    },
    "0.7": {
        "accuracy": 0.8894149131267575,
        "balanced_accuracy": 0.8359887572883037,
        "precision": 0.9377604319502318,
        "recall": 0.6929548756423879,
        "f1_score": 0.7969823555084482,
        "roc_auc": 0.9555790957252777,
        "pr_auc": 0.9240303900000933,
        "mcc": 0.7389578761617233
    },
    "0.8": {
        "accuracy": 0.8836754377623518,
        "balanced_accuracy": 0.8215142322827046,
        "precision": 0.9611848175368267,
        "recall": 0.6550946505626992,
        "f1_score": 0.7791561355547532,
        "roc_auc": 0.9555790957252777,
        "pr_auc": 0.9240303900000933,
        "mcc": 0.7278328055881617
    },
    "0.9": {
        "accuracy": 0.871639520193444,
        "balanced_accuracy": 0.7985341532416559,
        "precision": 0.9795285578379902,
        "recall": 0.6028145803066114,
        "f1_score": 0.7463287605036377,
        "roc_auc": 0.9555790957252777,
        "pr_auc": 0.9240303900000933,
        "mcc": 0.7020129857949314
    },
    "1.0": {
        "accuracy": 0.6867604906742015,
        "balanced_accuracy": 0.5,
        "precision": 0.0,
        "recall": 0.0,
        "f1_score": 0.0,
        "roc_auc": 0.9555790957252777,
        "pr_auc": 0.9240303900000933,
        "mcc": 0.0
    }
}