{
    "hits": {
        "hits@1": 0.29626818743630334,
        "hits@5": 0.5379144350239607,
        "hits@10": 0.8019819155625908,
        "soft_hits@1_eps=0.01": 0.7675043910054861,
        "soft_hits@5_eps=0.01": 0.8524188477134246,
        "soft_hits@10_eps=0.01": 0.8942906086692542,
        "soft_hits@1_eps=0.05": 0.8503588698310818,
        "soft_hits@5_eps=0.05": 0.89552659539866,
        "soft_hits@10_eps=0.05": 0.9203330658976082,
        "soft_hits@1_eps=0.1": 0.8981286727237244,
        "soft_hits@5_eps=0.1": 0.9314569464622591,
        "soft_hits@10_eps=0.1": 0.9528807164386235
    },
    "mrr": {
        "mrr": 0.43335902621154987,
        "soft_mrr@0.01": 0.8106385988403111,
        "soft_mrr@0.05": 0.8761104973904807,
        "soft_mrr@0.1": 0.9164733669674495
    },
    "mean_rank": {
        "mean_rank_strict": 6.077476852353795,
        "mean_rank_soft@0.01": 13.50068304529783,
        "mean_rank_soft@0.05": 15.467116247804498,
        "mean_rank_soft@0.1": 17.07606739380272
    },
    "ndcg": {
        "strict_ndcg@10": 0.5075647053796124,
        "soft_ndcg@10@0.01": 0.833982604635982,
        "soft_ndcg@10@0.05": 0.8887443467830624,
        "soft_ndcg@10@0.1": 0.9292472274940166
    },
    "median_rank": {
        "strict_median_rank": 5.0,
        "soft_median_rank@0.01": 13.0,
        "soft_median_rank@0.05": 15.0,
        "soft_median_rank@0.1": 17.0
    }
}