{
    "0.5": {
        "accuracy": 0.9579693804083518,
        "balanced_accuracy": 0.9489668428527332,
        "precision": 0.9399889807162535,
        "recall": 0.9248650172387622,
        "f1_score": 0.9323656713155248,
        "roc_auc": 0.9929099502897283,
        "pr_auc": 0.9863521313935686,
        "mcc": 0.9019422434376525
    },
    "0.6": {
        "accuracy": 0.9599051797916129,
        "balanced_accuracy": 0.9484892271276584,
        "precision": 0.9523509561304837,
        "recall": 0.9179261443719235,
        "f1_score": 0.934821734185741,
        "roc_auc": 0.9929099502897283,
        "pr_auc": 0.9863521313935686,
        "mcc": 0.9062034359726333
    },
    "0.7": {
        "accuracy": 0.9611753358781737,
        "balanced_accuracy": 0.9471377950759312,
        "precision": 0.9644754087052494,
        "recall": 0.9095561289762994,
        "f1_score": 0.9362110525845907,
        "roc_auc": 0.9929099502897283,
        "pr_auc": 0.9863521313935686,
        "mcc": 0.9091477234563226
    },
    "0.8": {
        "accuracy": 0.9596402809286403,
        "balanced_accuracy": 0.9421518684115342,
        "precision": 0.9737059309043745,
        "recall": 0.8953314395992801,
        "f1_score": 0.932875443392603,
        "roc_auc": 0.9929099502897283,
        "pr_auc": 0.9863521313935686,
        "mcc": 0.9057205229323737
    },
    "0.9": {
        "accuracy": 0.9510955945281404,
        "balanced_accuracy": 0.9257175487003714,
        "precision": 0.9840543297096943,
        "recall": 0.8577747902075157,
        "f1_score": 0.9165855693034896,
        "roc_auc": 0.9929099502897283,
        "pr_auc": 0.9863521313935686,
        "mcc": 0.8863855735473739
    },
    "1.0": {
        "accuracy": 0.6867604906742015,
        "balanced_accuracy": 0.5,
        "precision": 0.0,
        "recall": 0.0,
        "f1_score": 0.0,
        "roc_auc": 0.9929099502897283,
        "pr_auc": 0.9863521313935686,
        "mcc": 0.0
    }
}