{
    "hits": {
        "hits@1": 0.08075988896599584,
        "hits@5": 0.21920541290770298,
        "hits@10": 0.27582841776544065,
        "soft_hits@1_eps=0.01": 0.42433639833448994,
        "soft_hits@5_eps=0.01": 0.7254944482997918,
        "soft_hits@10_eps=0.01": 0.7853270298403886,
        "soft_hits@1_eps=0.05": 0.8615978487161693,
        "soft_hits@5_eps=0.05": 0.9847978834142956,
        "soft_hits@10_eps=0.05": 0.9939278278972935,
        "soft_hits@1_eps=0.1": 0.9406445176960444,
        "soft_hits@5_eps=0.1": 0.997722935461485,
        "soft_hits@10_eps=0.1": 0.9997397640527411
    },
    "mrr": {
        "mrr": 0.1696555648825854,
        "soft_mrr@0.01": 0.5573180849400834,
        "soft_mrr@0.05": 0.9125491838188559,
        "soft_mrr@0.1": 0.9659184898506437
    },
    "mean_rank": {
        "mean_rank_strict": 21.715388619014572,
        "mean_rank_soft@0.01": 36.38697085357391,
        "mean_rank_soft@0.05": 40.15310548230396,
        "mean_rank_soft@0.1": 40.32937196391395
    },
    "ndcg": {
        "strict_ndcg@10": 0.17137135143687668,
        "soft_ndcg@10@0.01": 0.6774030101384177,
        "soft_ndcg@10@0.05": 0.9588791016918362,
        "soft_ndcg@10@0.1": 0.9868015758057904
    },
    "median_rank": {
        "strict_median_rank": 20.0,
        "soft_median_rank@0.01": 41.0,
        "soft_median_rank@0.05": 43.0,
        "soft_median_rank@0.1": 43.0
    }
}