{
    "0.5": {
        "accuracy": 0.5315559506901001,
        "balanced_accuracy": 0.5315127729388199,
        "precision": 0.7739441930618401,
        "recall": 0.08902238029146427,
        "f1_score": 0.1596779212696437,
        "roc_auc": 0.5580035096032656,
        "pr_auc": 0.586977060661923,
        "mcc": 0.13535953490940847
    },
    "0.6": {
        "accuracy": 0.5280864766406818,
        "balanced_accuracy": 0.528041077137318,
        "precision": 0.903558052434457,
        "recall": 0.06278192227619708,
        "f1_score": 0.11740611566225971,
        "roc_auc": 0.5580035096032656,
        "pr_auc": 0.586977060661923,
        "mcc": 0.15313308207377435
    },
    "0.7": {
        "accuracy": 0.5249205815705875,
        "balanced_accuracy": 0.5248746890270428,
        "precision": 0.918918918918919,
        "recall": 0.05456280360860514,
        "f1_score": 0.10300921187308086,
        "roc_auc": 0.5580035096032656,
        "pr_auc": 0.586977060661923,
        "mcc": 0.14656419425809722
    },
    "0.8": {
        "accuracy": 0.52468205522969,
        "balanced_accuracy": 0.5246358622228218,
        "precision": 0.962917685411573,
        "recall": 0.05124479528105482,
        "f1_score": 0.09731087592142651,
        "roc_auc": 0.5580035096032656,
        "pr_auc": 0.586977060661923,
        "mcc": 0.15308387197050377
    },
    "0.9": {
        "accuracy": 0.5235111077380113,
        "balanced_accuracy": 0.5234647814168509,
        "precision": 0.9647766323024055,
        "recall": 0.04870749479528105,
        "f1_score": 0.09273327828241124,
        "roc_auc": 0.5580035096032656,
        "pr_auc": 0.586977060661923,
        "mcc": 0.14959581187749024
    },
    "1.0": {
        "accuracy": 0.5000487894788199,
        "balanced_accuracy": 0.5,
        "precision": 0.0,
        "recall": 0.0,
        "f1_score": 0.0,
        "roc_auc": 0.5580035096032656,
        "pr_auc": 0.586977060661923,
        "mcc": 0.0
    }
}