{
    "0.5": {
        "accuracy": 0.4999512105211801,
        "balanced_accuracy": 0.5,
        "precision": 0.4999512105211801,
        "recall": 1.0,
        "f1_score": 0.6666232968303878,
        "roc_auc": 0.4779624908673006,
        "pr_auc": 0.4852198460763674,
        "mcc": 0.0
    },
    "0.6": {
        "accuracy": 0.5000487894788199,
        "balanced_accuracy": 0.5,
        "precision": 0.0,
        "recall": 0.0,
        "f1_score": 0.0,
        "roc_auc": 0.4779624908673006,
        "pr_auc": 0.4852198460763674,
        "mcc": 0.0
    },
    "0.7": {
        "accuracy": 0.5000487894788199,
        "balanced_accuracy": 0.5,
        "precision": 0.0,
        "recall": 0.0,
        "f1_score": 0.0,
        "roc_auc": 0.4779624908673006,
        "pr_auc": 0.4852198460763674,
        "mcc": 0.0
    },
    "0.8": {
        "accuracy": 0.5000487894788199,
        "balanced_accuracy": 0.5,
        "precision": 0.0,
        "recall": 0.0,
        "f1_score": 0.0,
        "roc_auc": 0.4779624908673006,
        "pr_auc": 0.4852198460763674,
        "mcc": 0.0
    },
    "0.9": {
        "accuracy": 0.5000487894788199,
        "balanced_accuracy": 0.5,
        "precision": 0.0,
        "recall": 0.0,
        "f1_score": 0.0,
        "roc_auc": 0.4779624908673006,
        "pr_auc": 0.4852198460763674,
        "mcc": 0.0
    },
    "1.0": {
        "accuracy": 0.5000487894788199,
        "balanced_accuracy": 0.5,
        "precision": 0.0,
        "recall": 0.0,
        "f1_score": 0.0,
        "roc_auc": 0.4779624908673006,
        "pr_auc": 0.4852198460763674,
        "mcc": 0.0
    }
}