{
    "hits": {
        "hits@1": 0.13274201943095074,
        "hits@5": 0.3969682512144344,
        "hits@10": 0.4913471547536433,
        "soft_hits@1_eps=0.01": 0.2855872657876475,
        "soft_hits@5_eps=0.01": 0.4714174184594032,
        "soft_hits@10_eps=0.01": 0.5495966342817488,
        "soft_hits@1_eps=0.05": 0.4502081887578071,
        "soft_hits@5_eps=0.05": 0.5653192227619709,
        "soft_hits@10_eps=0.05": 0.6383154059680777,
        "soft_hits@1_eps=0.1": 0.5454979181124219,
        "soft_hits@5_eps=0.1": 0.6408527064538515,
        "soft_hits@10_eps=0.1": 0.7419109993060374
    },
    "mrr": {
        "mrr": 0.2717687054830628,
        "soft_mrr@0.01": 0.3845479287055422,
        "soft_mrr@0.05": 0.5250844858526359,
        "soft_mrr@0.1": 0.6088093939320234
    },
    "mean_rank": {
        "mean_rank_strict": 14.574058813324081,
        "mean_rank_soft@0.01": 17.499826509368493,
        "mean_rank_soft@0.05": 24.55929042331714,
        "mean_rank_soft@0.1": 29.538796842470507
    },
    "ndcg": {
        "strict_ndcg@10": 0.3071368787369084,
        "soft_ndcg@10@0.01": 0.44323817443696323,
        "soft_ndcg@10@0.05": 0.5663122936234883,
        "soft_ndcg@10@0.1": 0.6572522678691448
    },
    "median_rank": {
        "strict_median_rank": 11.0,
        "soft_median_rank@0.01": 16.0,
        "soft_median_rank@0.05": 26.0,
        "soft_median_rank@0.1": 30.0
    }
}