{
    "0.5": {
        "accuracy": 0.6578556481953314,
        "balanced_accuracy": 0.6578478763266122,
        "precision": 0.6877144109984782,
        "recall": 0.5782009021512838,
        "f1_score": 0.6282206854301905,
        "roc_auc": 0.7566025147775679,
        "pr_auc": 0.7789864157218207,
        "mcc": 0.3197805554384885
    },
    "0.6": {
        "accuracy": 0.6640356488458578,
        "balanced_accuracy": 0.6640176846353574,
        "precision": 0.759567530461644,
        "recall": 0.4799184594031922,
        "f1_score": 0.5881962071577604,
        "roc_auc": 0.7566025147775679,
        "pr_auc": 0.7789864157218207,
        "mcc": 0.3528269102803693
    },
    "0.7": {
        "accuracy": 0.6659330174666335,
        "balanced_accuracy": 0.6659092080371787,
        "precision": 0.8240152477763659,
        "recall": 0.4219075294934074,
        "f1_score": 0.5580734918677032,
        "roc_auc": 0.7566025147775679,
        "pr_auc": 0.7789864157218207,
        "mcc": 0.380166618070705
    },
    "0.8": {
        "accuracy": 0.6561859638090488,
        "balanced_accuracy": 0.6561569649858657,
        "precision": 0.884950547981823,
        "recall": 0.3589738029146426,
        "f1_score": 0.5107610657697826,
        "roc_auc": 0.7566025147775679,
        "pr_auc": 0.7789864157218207,
        "mcc": 0.38836712456676864
    },
    "0.9": {
        "accuracy": 0.6402914358201511,
        "balanced_accuracy": 0.6402584123602639,
        "precision": 0.9340312730689215,
        "recall": 0.30183032616238725,
        "f1_score": 0.45623063937193714,
        "roc_auc": 0.7566025147775679,
        "pr_auc": 0.7789864157218207,
        "mcc": 0.3810903247963227
    },
    "1.0": {
        "accuracy": 0.5000487894788199,
        "balanced_accuracy": 0.5,
        "precision": 0.0,
        "recall": 0.0,
        "f1_score": 0.0,
        "roc_auc": 0.7566025147775679,
        "pr_auc": 0.7789864157218207,
        "mcc": 0.0
    }
}