{
    "hits": {
        "hits@1": 0.2482000346981263,
        "hits@5": 0.3536389659958362,
        "hits@10": 0.49596634281748786,
        "soft_hits@1_eps=0.01": 0.3032182512144344,
        "soft_hits@5_eps=0.01": 0.3575425052047189,
        "soft_hits@10_eps=0.01": 0.5249392782789729,
        "soft_hits@1_eps=0.05": 0.32414555863983346,
        "soft_hits@5_eps=0.05": 0.3773638098542679,
        "soft_hits@10_eps=0.05": 0.6690883067314365,
        "soft_hits@1_eps=0.1": 0.33774288688410825,
        "soft_hits@5_eps=0.1": 0.4114113462873005,
        "soft_hits@10_eps=0.1": 0.8182685634975712
    },
    "mrr": {
        "mrr": 0.3289980453330408,
        "soft_mrr@0.01": 0.3671355100261582,
        "soft_mrr@0.05": 0.39920110823450883,
        "soft_mrr@0.1": 0.42126881623707496
    },
    "mean_rank": {
        "mean_rank_strict": 11.993884455239417,
        "mean_rank_soft@0.01": 14.405534351145038,
        "mean_rank_soft@0.05": 18.601166724496878,
        "mean_rank_soft@0.1": 21.146729701596115
    },
    "ndcg": {
        "strict_ndcg@10": 0.34597404320761366,
        "soft_ndcg@10@0.01": 0.3867208433353155,
        "soft_ndcg@10@0.05": 0.46987915689385257,
        "soft_ndcg@10@0.1": 0.5493114222074659
    },
    "median_rank": {
        "strict_median_rank": 11.0,
        "soft_median_rank@0.01": 12.0,
        "soft_median_rank@0.05": 21.0,
        "soft_median_rank@0.1": 28.0
    }
}