{
    "0.5": {
        "accuracy": 0.6761462816996086,
        "balanced_accuracy": 0.676139516126387,
        "precision": 0.7044561933534743,
        "recall": 0.6068051700208189,
        "f1_score": 0.651994594090782,
        "roc_auc": 0.7868590694609678,
        "pr_auc": 0.8123007557149293,
        "mcc": 0.35571738991250684
    },
    "0.6": {
        "accuracy": 0.6872485986577472,
        "balanced_accuracy": 0.6872237885997188,
        "precision": 0.8809124602894458,
        "recall": 0.4329675572519084,
        "f1_score": 0.5805804350354775,
        "roc_auc": 0.7868590694609678,
        "pr_auc": 0.8123007557149293,
        "mcc": 0.43488176823486396
    },
    "0.7": {
        "accuracy": 0.6823588086693483,
        "balanced_accuracy": 0.6823307347536827,
        "precision": 0.9294141682414833,
        "recall": 0.39462612768910477,
        "f1_score": 0.5540180542235619,
        "roc_auc": 0.7868590694609678,
        "pr_auc": 0.8123007557149293,
        "mcc": 0.4458832899467382
    },
    "0.8": {
        "accuracy": 0.6760270185291598,
        "balanced_accuracy": 0.675997088888819,
        "precision": 0.9552875175315568,
        "recall": 0.36927480916030536,
        "f1_score": 0.5326493266809516,
        "roc_auc": 0.7868590694609678,
        "pr_auc": 0.8123007557149293,
        "mcc": 0.44572524483272247
    },
    "0.9": {
        "accuracy": 0.664393438357204,
        "balanced_accuracy": 0.6643615291602163,
        "precision": 0.9750532781747524,
        "recall": 0.33735253296322,
        "f1_score": 0.5012728385911771,
        "roc_auc": 0.7868590694609678,
        "pr_auc": 0.8123007557149293,
        "mcc": 0.4345594680258834
    },
    "1.0": {
        "accuracy": 0.5000487894788199,
        "balanced_accuracy": 0.5,
        "precision": 0.0,
        "recall": 0.0,
        "f1_score": 0.0,
        "roc_auc": 0.7868590694609678,
        "pr_auc": 0.8123007557149293,
        "mcc": 0.0
    }
}