{
    "hits": {
        "hits@1": 0.4843116421276319,
        "hits@5": 0.7940672636988529,
        "hits@10": 0.9297655962009671,
        "soft_hits@1_eps=0.01": 0.5942927770670252,
        "soft_hits@5_eps=0.01": 0.8483205759264479,
        "soft_hits@10_eps=0.01": 0.9528807164386235,
        "soft_hits@1_eps=0.05": 0.852180323958627,
        "soft_hits@5_eps=0.05": 0.9636576533599324,
        "soft_hits@10_eps=0.05": 0.986230674154867,
        "soft_hits@1_eps=0.1": 0.9646768003122492,
        "soft_hits@5_eps=0.1": 0.9901554741201726,
        "soft_hits@10_eps=0.1": 0.9954897326365548
    },
    "mrr": {
        "mrr": 0.6241561233376534,
        "soft_mrr@0.01": 0.7077933632083905,
        "soft_mrr@0.05": 0.8991626358427235,
        "soft_mrr@0.1": 0.9757927295108998
    },
    "mean_rank": {
        "mean_rank_strict": 3.5794826202918664,
        "mean_rank_soft@0.01": 4.440987054665308,
        "mean_rank_soft@0.05": 9.099399353817464,
        "mean_rank_soft@0.1": 15.640371229698376
    },
    "ndcg": {
        "strict_ndcg@10": 0.6933147785866954,
        "soft_ndcg@10@0.01": 0.8002683999791234,
        "soft_ndcg@10@0.05": 0.9451150171536029,
        "soft_ndcg@10@0.1": 0.9862814424800328
    },
    "median_rank": {
        "strict_median_rank": 2.0,
        "soft_median_rank@0.01": 2.0,
        "soft_median_rank@0.05": 8.0,
        "soft_median_rank@0.1": 14.0
    }
}