{
    "0.5": {
        "accuracy": 0.8906802263807273,
        "balanced_accuracy": 0.8906802263807273,
        "precision": 0.8223076923076923,
        "recall": 0.9967474033436694,
        "f1_score": 0.901163531568268,
        "roc_auc": 0.9469183838142099,
        "pr_auc": 0.9271359346060118,
        "mcc": 0.7995579840914194
    },
    "0.6": {
        "accuracy": 0.9074961510939566,
        "balanced_accuracy": 0.9074961510939566,
        "precision": 0.8504951787679281,
        "recall": 0.9888110675022226,
        "f1_score": 0.9144524434997092,
        "roc_auc": 0.9469183838142099,
        "pr_auc": 0.9271359346060118,
        "mcc": 0.825988561708303
    },
    "0.7": {
        "accuracy": 0.8955591213652232,
        "balanced_accuracy": 0.8955591213652232,
        "precision": 0.8749177902005919,
        "recall": 0.9230869310666349,
        "f1_score": 0.8983571270298503,
        "roc_auc": 0.9469183838142099,
        "pr_auc": 0.9271359346060118,
        "mcc": 0.7923199629910345
    },
    "0.8": {
        "accuracy": 0.8079666934102392,
        "balanced_accuracy": 0.8079666934102392,
        "precision": 0.9037439235864343,
        "recall": 0.6893553353427153,
        "f1_score": 0.7821241420030999,
        "roc_auc": 0.9469183838142099,
        "pr_auc": 0.9271359346060118,
        "mcc": 0.6340316351676937
    },
    "0.9": {
        "accuracy": 0.6582713532970488,
        "balanced_accuracy": 0.6582713532970488,
        "precision": 0.93964582580412,
        "recall": 0.3382700522583863,
        "f1_score": 0.49745691098391237,
        "roc_auc": 0.9469183838142099,
        "pr_auc": 0.9271359346060118,
        "mcc": 0.4119650394189055
    },
    "1.0": {
        "accuracy": 0.5,
        "balanced_accuracy": 0.5,
        "precision": 0.0,
        "recall": 0.0,
        "f1_score": 0.0,
        "roc_auc": 0.9469183838142099,
        "pr_auc": 0.9271359346060118,
        "mcc": 0.0
    }
}