{
    "hits": {
        "hits@1": 0.046473802914642606,
        "hits@5": 0.13775156141568357,
        "hits@10": 0.24950121443442055,
        "soft_hits@1_eps=0.01": 0.13033483691880637,
        "soft_hits@5_eps=0.01": 0.6314842123525329,
        "soft_hits@10_eps=0.01": 0.7754380638445524,
        "soft_hits@1_eps=0.05": 0.8324731089521166,
        "soft_hits@5_eps=0.05": 0.9999566273421235,
        "soft_hits@10_eps=0.05": 0.9999783136710617,
        "soft_hits@1_eps=0.1": 0.9884411866759195,
        "soft_hits@5_eps=0.1": 0.9999783136710617,
        "soft_hits@10_eps=0.1": 1.0
    },
    "mrr": {
        "mrr": 0.12272627260230383,
        "soft_mrr@0.01": 0.3363060804896739,
        "soft_mrr@0.05": 0.9124902411519805,
        "soft_mrr@0.1": 0.9941853530534351
    },
    "mean_rank": {
        "mean_rank_strict": 21.554215822345594,
        "mean_rank_soft@0.01": 35.44541551006245,
        "mean_rank_soft@0.05": 41.86580499653019,
        "mean_rank_soft@0.1": 42.058965128383065
    },
    "ndcg": {
        "strict_ndcg@10": 0.12680242376407272,
        "soft_ndcg@10@0.01": 0.5595012327494263,
        "soft_ndcg@10@0.05": 0.9697609482621624,
        "soft_ndcg@10@0.1": 0.998043456738154
    },
    "median_rank": {
        "strict_median_rank": 22.0,
        "soft_median_rank@0.01": 39.0,
        "soft_median_rank@0.05": 43.0,
        "soft_median_rank@0.1": 43.0
    }
}