{
    "0.5": {
        "accuracy": 0.5124955276311082,
        "balanced_accuracy": 0.5124519561366813,
        "precision": 0.616382806163828,
        "recall": 0.0659264399722415,
        "f1_score": 0.11911292218478176,
        "roc_auc": 0.5119232267354822,
        "pr_auc": 0.5332043741227719,
        "mcc": 0.05534810699281767
    },
    "0.6": {
        "accuracy": 0.5111077380113408,
        "balanced_accuracy": 0.5110600362221926,
        "precision": 0.9961089494163424,
        "recall": 0.02220680083275503,
        "f1_score": 0.04344505727619856,
        "roc_auc": 0.5119232267354822,
        "pr_auc": 0.5332043741227719,
        "mcc": 0.10535059698330429
    },
    "0.7": {
        "accuracy": 0.5111294222241497,
        "balanced_accuracy": 0.5110817140874393,
        "precision": 1.0,
        "recall": 0.022163428174878555,
        "f1_score": 0.04336572325709679,
        "roc_auc": 0.5119232267354822,
        "pr_auc": 0.5332043741227719,
        "mcc": 0.10586300492955641
    },
    "0.8": {
        "accuracy": 0.5111294222241497,
        "balanced_accuracy": 0.5110817140874393,
        "precision": 1.0,
        "recall": 0.022163428174878555,
        "f1_score": 0.04336572325709679,
        "roc_auc": 0.5119232267354822,
        "pr_auc": 0.5332043741227719,
        "mcc": 0.10586300492955641
    },
    "0.9": {
        "accuracy": 0.5111294222241497,
        "balanced_accuracy": 0.5110817140874393,
        "precision": 1.0,
        "recall": 0.022163428174878555,
        "f1_score": 0.04336572325709679,
        "roc_auc": 0.5119232267354822,
        "pr_auc": 0.5332043741227719,
        "mcc": 0.10586300492955641
    },
    "1.0": {
        "accuracy": 0.5000487894788199,
        "balanced_accuracy": 0.5,
        "precision": 0.0,
        "recall": 0.0,
        "f1_score": 0.0,
        "roc_auc": 0.5119232267354822,
        "pr_auc": 0.5332043741227719,
        "mcc": 0.0
    }
}