{
    "hits": {
        "hits@1": 0.06583969465648855,
        "hits@5": 0.2745272380291464,
        "hits@10": 0.43821564885496184,
        "soft_hits@1_eps=0.01": 0.46122484385843165,
        "soft_hits@5_eps=0.01": 0.6660955933379598,
        "soft_hits@10_eps=0.01": 0.7639659958362248,
        "soft_hits@1_eps=0.05": 0.7536649895905622,
        "soft_hits@5_eps=0.05": 0.8118277238029147,
        "soft_hits@10_eps=0.05": 0.8651977793199167,
        "soft_hits@1_eps=0.1": 0.8618147120055517,
        "soft_hits@5_eps=0.1": 0.9121703678001388,
        "soft_hits@10_eps=0.1": 0.9449167244968771
    },
    "mrr": {
        "mrr": 0.18147064522935727,
        "soft_mrr@0.01": 0.5604260680093802,
        "soft_mrr@0.05": 0.7912988011488463,
        "soft_mrr@0.1": 0.886493704162115
    },
    "mean_rank": {
        "mean_rank_strict": 19.528083795975018,
        "mean_rank_soft@0.01": 21.978313671061763,
        "mean_rank_soft@0.05": 26.245272380291464,
        "mean_rank_soft@0.1": 30.266069569743234
    },
    "ndcg": {
        "strict_ndcg@10": 0.2236888148748471,
        "soft_ndcg@10@0.01": 0.6365544572194346,
        "soft_ndcg@10@0.05": 0.8182561170962603,
        "soft_ndcg@10@0.1": 0.9115801950995933
    },
    "median_rank": {
        "strict_median_rank": 13.0,
        "soft_median_rank@0.01": 16.0,
        "soft_median_rank@0.05": 25.0,
        "soft_median_rank@0.1": 35.0
    }
}