{
    "0.5": {
        "accuracy": 0.6763739659341017,
        "balanced_accuracy": 0.6763610038828258,
        "precision": 0.7401293447125181,
        "recall": 0.5435244621790424,
        "f1_score": 0.6267708658955924,
        "roc_auc": 0.788887501068118,
        "pr_auc": 0.8139635311700617,
        "mcc": 0.36587381858273005
    },
    "0.6": {
        "accuracy": 0.6861969143365173,
        "balanced_accuracy": 0.6861740879461969,
        "precision": 0.849830881454012,
        "recall": 0.4522467036780014,
        "f1_score": 0.5903384240845848,
        "roc_auc": 0.788887501068118,
        "pr_auc": 0.8139635311700617,
        "mcc": 0.42131027304194407
    },
    "0.7": {
        "accuracy": 0.6889833356824564,
        "balanced_accuracy": 0.6889563758632758,
        "precision": 0.9223051570376115,
        "recall": 0.41266915336571824,
        "f1_score": 0.5702085580726357,
        "roc_auc": 0.788887501068118,
        "pr_auc": 0.8139635311700617,
        "mcc": 0.4534377515089882
    },
    "0.8": {
        "accuracy": 0.6843971246733815,
        "balanced_accuracy": 0.6843678743239899,
        "precision": 0.9603617263226295,
        "recall": 0.38460704371963916,
        "f1_score": 0.5492497561126682,
        "roc_auc": 0.788887501068118,
        "pr_auc": 0.8139635311700617,
        "mcc": 0.46072872455133085
    },
    "0.9": {
        "accuracy": 0.674650071015797,
        "balanced_accuracy": 0.674618910953177,
        "precision": 0.9832553114872165,
        "recall": 0.35528712699514226,
        "f1_score": 0.5219676936311212,
        "roc_auc": 0.788887501068118,
        "pr_auc": 0.8139635311700617,
        "mcc": 0.4538752054535917
    },
    "1.0": {
        "accuracy": 0.5000487894788199,
        "balanced_accuracy": 0.5,
        "precision": 0.0,
        "recall": 0.0,
        "f1_score": 0.0,
        "roc_auc": 0.788887501068118,
        "pr_auc": 0.8139635311700617,
        "mcc": 0.0
    }
}