{
    "0.5": {
        "accuracy": 0.6679930176834755,
        "balanced_accuracy": 0.6680114484425537,
        "precision": 0.6218993956182322,
        "recall": 0.8568919153365718,
        "f1_score": 0.7207245002188822,
        "roc_auc": 0.7834059874332461,
        "pr_auc": 0.8114627497120821,
        "mcc": 0.3629084036462235
    },
    "0.6": {
        "accuracy": 0.6791495451736363,
        "balanced_accuracy": 0.6791302776985367,
        "precision": 0.7960075977493459,
        "recall": 0.48167505204718947,
        "f1_score": 0.6001756400729582,
        "roc_auc": 0.7834059874332461,
        "pr_auc": 0.8114627497120821,
        "mcc": 0.3899627341699251
    },
    "0.7": {
        "accuracy": 0.6891459672785228,
        "balanced_accuracy": 0.6891212450493611,
        "precision": 0.8833692355035829,
        "recall": 0.43576509368494104,
        "f1_score": 0.583627412538666,
        "roc_auc": 0.7834059874332461,
        "pr_auc": 0.8114627497120821,
        "mcc": 0.4387487895491311
    },
    "0.8": {
        "accuracy": 0.6928322834560299,
        "balanced_accuracy": 0.6928042836973907,
        "precision": 0.9524657743396611,
        "recall": 0.40585964607911174,
        "f1_score": 0.5691823421176685,
        "roc_auc": 0.7834059874332461,
        "pr_auc": 0.8114627497120821,
        "mcc": 0.4708822677521144
    },
    "0.9": {
        "accuracy": 0.68385501935316,
        "balanced_accuracy": 0.6838246941097716,
        "precision": 0.985731476706206,
        "recall": 0.3730482303955586,
        "f1_score": 0.5412582791875776,
        "roc_auc": 0.7834059874332461,
        "pr_auc": 0.8114627497120821,
        "mcc": 0.4693334278490804
    },
    "1.0": {
        "accuracy": 0.5000487894788199,
        "balanced_accuracy": 0.5,
        "precision": 0.0,
        "recall": 0.0,
        "f1_score": 0.0,
        "roc_auc": 0.7834059874332461,
        "pr_auc": 0.8114627497120821,
        "mcc": 0.0
    }
}