{
    "0.5": {
        "accuracy": 0.5075515271106871,
        "balanced_accuracy": 0.5075260170870874,
        "precision": 0.5157244137429559,
        "recall": 0.24609646079111727,
        "f1_score": 0.33319631217335133,
        "roc_auc": 0.5079463642151296,
        "pr_auc": 0.5280553140297464,
        "mcc": 0.017658039030493435
    },
    "0.6": {
        "accuracy": 0.5104138432014572,
        "balanced_accuracy": 0.5103678066370269,
        "precision": 0.6837048424289008,
        "recall": 0.03857997918112422,
        "f1_score": 0.07303855154575686,
        "roc_auc": 0.5079463642151296,
        "pr_auc": 0.5280553140297464,
        "mcc": 0.06261674019451888
    },
    "0.7": {
        "accuracy": 0.5110968959049365,
        "balanced_accuracy": 0.5110493073175603,
        "precision": 0.9488986784140969,
        "recall": 0.02335617626648161,
        "f1_score": 0.04559019620293352,
        "roc_auc": 0.5079463642151296,
        "pr_auc": 0.5280553140297464,
        "mcc": 0.10022337737849964
    },
    "0.8": {
        "accuracy": 0.5104897379462882,
        "balanced_accuracy": 0.5104419673837612,
        "precision": 1.0,
        "recall": 0.020883934767522552,
        "f1_score": 0.04091343600637281,
        "roc_auc": 0.5079463642151296,
        "pr_auc": 0.5280553140297464,
        "mcc": 0.10272862998701249
    },
    "0.9": {
        "accuracy": 0.5065757375342882,
        "balanced_accuracy": 0.5065275850104094,
        "precision": 1.0,
        "recall": 0.013055170020818876,
        "f1_score": 0.025773857944085286,
        "roc_auc": 0.5079463642151296,
        "pr_auc": 0.5280553140297464,
        "mcc": 0.08106239120121464
    },
    "1.0": {
        "accuracy": 0.5000487894788199,
        "balanced_accuracy": 0.5,
        "precision": 0.0,
        "recall": 0.0,
        "f1_score": 0.0,
        "roc_auc": 0.5079463642151296,
        "pr_auc": 0.5280553140297464,
        "mcc": 0.0
    }
}