{
    "hits": {
        "hits@1": 0.1719942748091603,
        "hits@5": 0.4412517349063151,
        "hits@10": 0.6134195003469812,
        "soft_hits@1_eps=0.01": 0.35654493407356,
        "soft_hits@5_eps=0.01": 0.5708709229701596,
        "soft_hits@10_eps=0.01": 0.7191403539208883,
        "soft_hits@1_eps=0.05": 0.5968728313671062,
        "soft_hits@5_eps=0.05": 0.7871269951422624,
        "soft_hits@10_eps=0.05": 0.8554606176266482,
        "soft_hits@1_eps=0.1": 0.8247094031922276,
        "soft_hits@5_eps=0.1": 0.8966212699514227,
        "soft_hits@10_eps=0.1": 0.9242930256766134
    },
    "mrr": {
        "mrr": 0.3126523203983298,
        "soft_mrr@0.01": 0.4647308779535325,
        "soft_mrr@0.05": 0.6856611824737666,
        "soft_mrr@0.1": 0.8595161340649198
    },
    "mean_rank": {
        "mean_rank_strict": 11.312218077723802,
        "mean_rank_soft@0.01": 21.875433726578766,
        "mean_rank_soft@0.05": 26.951465995836227,
        "mean_rank_soft@0.1": 31.642782789729356
    },
    "ndcg": {
        "strict_ndcg@10": 0.3679380282310906,
        "soft_ndcg@10@0.01": 0.5560534099576536,
        "soft_ndcg@10@0.05": 0.76985801422082,
        "soft_ndcg@10@0.1": 0.8910195584350777
    },
    "median_rank": {
        "strict_median_rank": 7.0,
        "soft_median_rank@0.01": 18.0,
        "soft_median_rank@0.05": 25.0,
        "soft_median_rank@0.1": 31.0
    }
}