{
    "0.5": {
        "accuracy": 0.6385350145826331,
        "balanced_accuracy": 0.6385292293815557,
        "precision": 0.6571210667453933,
        "recall": 0.5792418459403192,
        "f1_score": 0.6157286275775424,
        "roc_auc": 0.7553202831308725,
        "pr_auc": 0.7881812186622803,
        "mcc": 0.2790278646058481
    },
    "0.6": {
        "accuracy": 0.6775774397449936,
        "balanced_accuracy": 0.6775498323448017,
        "precision": 0.9089410589410589,
        "recall": 0.39462612768910477,
        "f1_score": 0.5503235952337748,
        "roc_auc": 0.7553202831308725,
        "pr_auc": 0.7881812186622803,
        "mcc": 0.4306920635226658
    },
    "0.7": {
        "accuracy": 0.6756583869114091,
        "balanced_accuracy": 0.6756272342641202,
        "precision": 0.9858419821225028,
        "recall": 0.3563714434420541,
        "f1_score": 0.5235023335085456,
        "roc_auc": 0.7553202831308725,
        "pr_auc": 0.7881812186622803,
        "mcc": 0.45642135089823127
    },
    "0.8": {
        "accuracy": 0.6648596489325946,
        "balanced_accuracy": 0.664827158919209,
        "precision": 0.9933787731256085,
        "recall": 0.33186589174184594,
        "f1_score": 0.4975210104523953,
        "roc_auc": 0.7553202831308725,
        "pr_auc": 0.7881812186622803,
        "mcc": 0.44190049749890187
    },
    "0.9": {
        "accuracy": 0.6517081738640182,
        "balanced_accuracy": 0.6516742946220229,
        "precision": 0.996309963099631,
        "recall": 0.3044760582928522,
        "f1_score": 0.4664141917480566,
        "roc_auc": 0.7553202831308725,
        "pr_auc": 0.7881812186622803,
        "mcc": 0.42157273666457695
    },
    "1.0": {
        "accuracy": 0.5000487894788199,
        "balanced_accuracy": 0.5,
        "precision": 0.0,
        "recall": 0.0,
        "f1_score": 0.0,
        "roc_auc": 0.7553202831308725,
        "pr_auc": 0.7881812186622803,
        "mcc": 0.0
    }
}