{
    "hits": {
        "hits@1": 0.056731436502428866,
        "hits@5": 0.28795107564191535,
        "hits@10": 0.4512925052047189,
        "soft_hits@1_eps=0.01": 0.43548317140874393,
        "soft_hits@5_eps=0.01": 0.657074080499653,
        "soft_hits@10_eps=0.01": 0.7697996183206107,
        "soft_hits@1_eps=0.05": 0.7300919500346982,
        "soft_hits@5_eps=0.05": 0.8131722761970853,
        "soft_hits@10_eps=0.05": 0.842752428868841,
        "soft_hits@1_eps=0.1": 0.85580759888966,
        "soft_hits@5_eps=0.1": 0.9095463219986121,
        "soft_hits@10_eps=0.1": 0.9349193268563497
    },
    "mrr": {
        "mrr": 0.17777767391551635,
        "soft_mrr@0.01": 0.5396102223983401,
        "soft_mrr@0.05": 0.7764219987928651,
        "soft_mrr@0.1": 0.8798421413381967
    },
    "mean_rank": {
        "mean_rank_strict": 18.8705759888966,
        "mean_rank_soft@0.01": 21.588263358778626,
        "mean_rank_soft@0.05": 25.678695350451076,
        "mean_rank_soft@0.1": 29.414816099930604
    },
    "ndcg": {
        "strict_ndcg@10": 0.22442276262826008,
        "soft_ndcg@10@0.01": 0.6280581233922709,
        "soft_ndcg@10@0.05": 0.805076204377925,
        "soft_ndcg@10@0.1": 0.9046994081289635
    },
    "median_rank": {
        "strict_median_rank": 13.0,
        "soft_median_rank@0.01": 15.0,
        "soft_median_rank@0.05": 22.0,
        "soft_median_rank@0.1": 32.0
    }
}