{
    "0.5": {
        "accuracy": 0.6770461765311765,
        "balanced_accuracy": 0.6770369088876902,
        "precision": 0.7185115781019944,
        "recall": 0.5820610687022901,
        "f1_score": 0.6431284220110942,
        "roc_auc": 0.7931303774158704,
        "pr_auc": 0.8165815790179868,
        "mcc": 0.36064228235065643
    },
    "0.6": {
        "accuracy": 0.687367861828196,
        "balanced_accuracy": 0.6873436981857501,
        "precision": 0.8711493018259936,
        "recall": 0.4397120055517002,
        "f1_score": 0.5844322423508727,
        "roc_auc": 0.7931303774158704,
        "pr_auc": 0.8165815790179868,
        "mcc": 0.43130872976467693
    },
    "0.7": {
        "accuracy": 0.6878991250420131,
        "balanced_accuracy": 0.6878709379772252,
        "precision": 0.9448952341824157,
        "recall": 0.3990067661346287,
        "f1_score": 0.5610819712124908,
        "roc_auc": 0.7931303774158704,
        "pr_auc": 0.8165815790179868,
        "mcc": 0.46035336966057283
    },
    "0.8": {
        "accuracy": 0.6812854401353095,
        "balanced_accuracy": 0.6812552894310941,
        "precision": 0.9744550408719346,
        "recall": 0.3722675225537821,
        "f1_score": 0.5387270901330655,
        "roc_auc": 0.7931303774158704,
        "pr_auc": 0.8165815790179868,
        "mcc": 0.46110993444483
    },
    "0.9": {
        "accuracy": 0.671039649583121,
        "balanced_accuracy": 0.6710079594474366,
        "precision": 0.9879339149805086,
        "recall": 0.3462439278278973,
        "f1_score": 0.512774396608482,
        "roc_auc": 0.7931303774158704,
        "pr_auc": 0.8165815790179868,
        "mcc": 0.4498379851463569
    },
    "1.0": {
        "accuracy": 0.5000487894788199,
        "balanced_accuracy": 0.5,
        "precision": 0.0,
        "recall": 0.0,
        "f1_score": 0.0,
        "roc_auc": 0.7931303774158704,
        "pr_auc": 0.8165815790179868,
        "mcc": 0.0
    }
}