{
    "hits": {
        "hits@1": 0.03146686328938237,
        "hits@5": 0.12105308813324081,
        "hits@10": 0.22007286606523246,
        "soft_hits@1_eps=0.01": 0.9921929215822346,
        "soft_hits@5_eps=0.01": 0.9988072519083969,
        "soft_hits@10_eps=0.01": 0.9997831367106176,
        "soft_hits@1_eps=0.05": 1.0,
        "soft_hits@5_eps=0.05": 1.0,
        "soft_hits@10_eps=0.05": 1.0,
        "soft_hits@1_eps=0.1": 1.0,
        "soft_hits@5_eps=0.1": 1.0,
        "soft_hits@10_eps=0.1": 1.0
    },
    "mrr": {
        "mrr": 0.1058992311411548,
        "soft_mrr@0.01": 0.9948620315403913,
        "soft_mrr@0.05": 1.0,
        "soft_mrr@0.1": 1.0
    },
    "mean_rank": {
        "mean_rank_strict": 22.277845246356698,
        "mean_rank_soft@0.01": 42.98460270645385,
        "mean_rank_soft@0.05": 43.0,
        "mean_rank_soft@0.1": 43.0
    },
    "ndcg": {
        "strict_ndcg@10": 0.10657079321273678,
        "soft_ndcg@10@0.01": 0.997649414554521,
        "soft_ndcg@10@0.05": 1.0,
        "soft_ndcg@10@0.1": 1.0
    },
    "median_rank": {
        "strict_median_rank": 24.0,
        "soft_median_rank@0.01": 43.0,
        "soft_median_rank@0.05": 43.0,
        "soft_median_rank@0.1": 43.0
    }
}