{
    "0.5": {
        "accuracy": 0.5005258421606149,
        "balanced_accuracy": 0.5004776112899838,
        "precision": 0.5416666666666666,
        "recall": 0.006202290076335878,
        "f1_score": 0.012264150943396227,
        "roc_auc": 0.49694338761566464,
        "pr_auc": 0.4973076349754824,
        "mcc": 0.0063306375322693806
    },
    "0.6": {
        "accuracy": 0.5000487894788199,
        "balanced_accuracy": 0.5,
        "precision": 0.0,
        "recall": 0.0,
        "f1_score": 0.0,
        "roc_auc": 0.49694338761566464,
        "pr_auc": 0.4973076349754824,
        "mcc": 0.0
    },
    "0.7": {
        "accuracy": 0.5000487894788199,
        "balanced_accuracy": 0.5,
        "precision": 0.0,
        "recall": 0.0,
        "f1_score": 0.0,
        "roc_auc": 0.49694338761566464,
        "pr_auc": 0.4973076349754824,
        "mcc": 0.0
    },
    "0.8": {
        "accuracy": 0.5000487894788199,
        "balanced_accuracy": 0.5,
        "precision": 0.0,
        "recall": 0.0,
        "f1_score": 0.0,
        "roc_auc": 0.49694338761566464,
        "pr_auc": 0.4973076349754824,
        "mcc": 0.0
    },
    "0.9": {
        "accuracy": 0.5000487894788199,
        "balanced_accuracy": 0.5,
        "precision": 0.0,
        "recall": 0.0,
        "f1_score": 0.0,
        "roc_auc": 0.49694338761566464,
        "pr_auc": 0.4973076349754824,
        "mcc": 0.0
    },
    "1.0": {
        "accuracy": 0.5000487894788199,
        "balanced_accuracy": 0.5,
        "precision": 0.0,
        "recall": 0.0,
        "f1_score": 0.0,
        "roc_auc": 0.49694338761566464,
        "pr_auc": 0.4973076349754824,
        "mcc": 0.0
    }
}