{
    "hits": {
        "hits@1": 0.06670714781401804,
        "hits@5": 0.17184247050659265,
        "hits@10": 0.36253036086051355,
        "soft_hits@1_eps=0.01": 0.15100190839694658,
        "soft_hits@5_eps=0.01": 0.6537560721721027,
        "soft_hits@10_eps=0.01": 0.8247961485079806,
        "soft_hits@1_eps=0.05": 0.9994578417765441,
        "soft_hits@5_eps=0.05": 1.0,
        "soft_hits@10_eps=0.05": 1.0,
        "soft_hits@1_eps=0.1": 1.0,
        "soft_hits@5_eps=0.1": 1.0,
        "soft_hits@10_eps=0.1": 1.0
    },
    "mrr": {
        "mrr": 0.15025654739277153,
        "soft_mrr@0.01": 0.3874914913328472,
        "soft_mrr@0.05": 0.999728920888272,
        "soft_mrr@0.1": 1.0
    },
    "mean_rank": {
        "mean_rank_strict": 22.273833275503122,
        "mean_rank_soft@0.01": 36.205673143650245,
        "mean_rank_soft@0.05": 42.99900242886884,
        "mean_rank_soft@0.1": 43.0
    },
    "ndcg": {
        "strict_ndcg@10": 0.1791605804553448,
        "soft_ndcg@10@0.01": 0.6206132954378453,
        "soft_ndcg@10@0.05": 0.9999094041960356,
        "soft_ndcg@10@0.1": 1.0
    },
    "median_rank": {
        "strict_median_rank": 20.0,
        "soft_median_rank@0.01": 40.0,
        "soft_median_rank@0.05": 43.0,
        "soft_median_rank@0.1": 43.0
    }
}