{
    "0.5": {
        "accuracy": 0.5017510001843158,
        "balanced_accuracy": 0.5017493630056418,
        "precision": 0.5017613139177455,
        "recall": 0.48497137404580154,
        "f1_score": 0.4932234977558695,
        "roc_auc": 0.5026506347238319,
        "pr_auc": 0.5025718942860185,
        "mcc": 0.0035006974889586553
    },
    "0.6": {
        "accuracy": 0.5000487894788199,
        "balanced_accuracy": 0.5,
        "precision": 0.0,
        "recall": 0.0,
        "f1_score": 0.0,
        "roc_auc": 0.5026506347238319,
        "pr_auc": 0.5025718942860185,
        "mcc": 0.0
    },
    "0.7": {
        "accuracy": 0.5000487894788199,
        "balanced_accuracy": 0.5,
        "precision": 0.0,
        "recall": 0.0,
        "f1_score": 0.0,
        "roc_auc": 0.5026506347238319,
        "pr_auc": 0.5025718942860185,
        "mcc": 0.0
    },
    "0.8": {
        "accuracy": 0.5000487894788199,
        "balanced_accuracy": 0.5,
        "precision": 0.0,
        "recall": 0.0,
        "f1_score": 0.0,
        "roc_auc": 0.5026506347238319,
        "pr_auc": 0.5025718942860185,
        "mcc": 0.0
    },
    "0.9": {
        "accuracy": 0.5000487894788199,
        "balanced_accuracy": 0.5,
        "precision": 0.0,
        "recall": 0.0,
        "f1_score": 0.0,
        "roc_auc": 0.5026506347238319,
        "pr_auc": 0.5025718942860185,
        "mcc": 0.0
    },
    "1.0": {
        "accuracy": 0.5000487894788199,
        "balanced_accuracy": 0.5,
        "precision": 0.0,
        "recall": 0.0,
        "f1_score": 0.0,
        "roc_auc": 0.5026506347238319,
        "pr_auc": 0.5025718942860185,
        "mcc": 0.0
    }
}