{
    "accuracy": 0.6366051196426442,
    "balanced_accuracy": 0.6366036360944534,
    "precision": 0.6408427079372889,
    "recall": 0.6214000693962526,
    "f1_score": 0.630971648775117,
    "roc_auc": 0.7370490901994198,
    "pr_auc": 0.785510567702679,
    "mcc": 0.27333388328464325
}