{
    "0.5": {
        "accuracy": 0.6699012284106556,
        "balanced_accuracy": 0.6698927763874168,
        "precision": 0.705450348843309,
        "recall": 0.5832755031228314,
        "f1_score": 0.6385716659939694,
        "roc_auc": 0.7845250797783809,
        "pr_auc": 0.8091217534425479,
        "mcc": 0.3450038148353939
    },
    "0.6": {
        "accuracy": 0.680721650602279,
        "balanced_accuracy": 0.680696277646611,
        "precision": 0.8764684619555395,
        "recall": 0.42067140874392783,
        "f1_score": 0.5684895375417619,
        "roc_auc": 0.7845250797783809,
        "pr_auc": 0.8091217534425479,
        "mcc": 0.42311955918406924
    },
    "0.7": {
        "accuracy": 0.6821202823284508,
        "balanced_accuracy": 0.6820917196323234,
        "precision": 0.9392164042475284,
        "recall": 0.38937803608605137,
        "f1_score": 0.5505220070827392,
        "roc_auc": 0.7845250797783809,
        "pr_auc": 0.8091217534425479,
        "mcc": 0.4492214113266216
    },
    "0.8": {
        "accuracy": 0.677685860809038,
        "balanced_accuracy": 0.67765557253556,
        "precision": 0.9684890769758664,
        "recall": 0.3672579805690493,
        "f1_score": 0.5325639171043115,
        "roc_auc": 0.7845250797783809,
        "pr_auc": 0.8091217534425479,
        "mcc": 0.45323458999358157
    },
    "0.9": {
        "accuracy": 0.6679713334706667,
        "balanced_accuracy": 0.667939388337057,
        "precision": 0.9864321608040201,
        "recall": 0.34056210964607914,
        "f1_score": 0.5063193190611297,
        "roc_auc": 0.7845250797783809,
        "pr_auc": 0.8091217534425479,
        "mcc": 0.44439391621922997
    },
    "1.0": {
        "accuracy": 0.5000487894788199,
        "balanced_accuracy": 0.5,
        "precision": 0.0,
        "recall": 0.0,
        "f1_score": 0.0,
        "roc_auc": 0.7845250797783809,
        "pr_auc": 0.8091217534425479,
        "mcc": 0.0
    }
}