{
    "hits": {
        "hits@1": 0.1779146426092991,
        "hits@5": 0.5082624913254684,
        "hits@10": 0.6438020471894518,
        "soft_hits@1_eps=0.01": 0.41973889659958363,
        "soft_hits@5_eps=0.01": 0.5720202984038862,
        "soft_hits@10_eps=0.01": 0.6932251908396947,
        "soft_hits@1_eps=0.05": 0.5138575641915336,
        "soft_hits@5_eps=0.05": 0.7533613809854268,
        "soft_hits@10_eps=0.05": 0.8521859819569744,
        "soft_hits@1_eps=0.1": 0.6679172449687717,
        "soft_hits@5_eps=0.1": 0.8799444829979182,
        "soft_hits@10_eps=0.1": 0.9262231089521166
    },
    "mrr": {
        "mrr": 0.3156013415579024,
        "soft_mrr@0.01": 0.504004746756441,
        "soft_mrr@0.05": 0.620854415545987,
        "soft_mrr@0.1": 0.7609059106511751
    },
    "mean_rank": {
        "mean_rank_strict": 10.184572345593338,
        "mean_rank_soft@0.01": 12.049358084663428,
        "mean_rank_soft@0.05": 16.51780447605829,
        "mean_rank_soft@0.1": 19.9955759888966
    },
    "ndcg": {
        "strict_ndcg@10": 0.37890078267430505,
        "soft_ndcg@10@0.01": 0.5606346538473941,
        "soft_ndcg@10@0.05": 0.7304028281635444,
        "soft_ndcg@10@0.1": 0.8494734665665854
    },
    "median_rank": {
        "strict_median_rank": 5.0,
        "soft_median_rank@0.01": 8.0,
        "soft_median_rank@0.05": 13.0,
        "soft_median_rank@0.1": 21.0
    }
}