{
    "0.5": {
        "accuracy": 0.6831394403304674,
        "balanced_accuracy": 0.6831358730413005,
        "precision": 0.6975411178438575,
        "recall": 0.6465778972935462,
        "f1_score": 0.6710933543413427,
        "roc_auc": 0.8003951370351419,
        "pr_auc": 0.8292164477189454,
        "mcc": 0.3672556862252326
    },
    "0.6": {
        "accuracy": 0.7092255483395314,
        "balanced_accuracy": 0.7092018588719372,
        "precision": 0.906630695949079,
        "recall": 0.4664295628036086,
        "f1_score": 0.6159662060571347,
        "roc_auc": 0.8003951370351419,
        "pr_auc": 0.8292164477189454,
        "mcc": 0.4786191639036648
    },
    "0.7": {
        "accuracy": 0.7054958637364067,
        "balanced_accuracy": 0.705468689308278,
        "precision": 0.9637769836996427,
        "recall": 0.42698213046495487,
        "f1_score": 0.591785515697089,
        "roc_auc": 0.8003951370351419,
        "pr_auc": 0.8292164477189454,
        "mcc": 0.49480503475115756
    },
    "0.8": {
        "accuracy": 0.6972341786562294,
        "balanced_accuracy": 0.6972053346862651,
        "precision": 0.982388202217389,
        "recall": 0.40160912560721723,
        "f1_score": 0.5701399258039191,
        "roc_auc": 0.8003951370351419,
        "pr_auc": 0.8292164477189454,
        "mcc": 0.4890384688998471
    },
    "0.9": {
        "accuracy": 0.6831177561176586,
        "balanced_accuracy": 0.6830870732762797,
        "precision": 0.9933383977093437,
        "recall": 0.36864590562109645,
        "f1_score": 0.5377303281929616,
        "roc_auc": 0.8003951370351419,
        "pr_auc": 0.8292164477189454,
        "mcc": 0.47098074285380104
    },
    "1.0": {
        "accuracy": 0.5000487894788199,
        "balanced_accuracy": 0.5,
        "precision": 0.0,
        "recall": 0.0,
        "f1_score": 0.0,
        "roc_auc": 0.8003951370351419,
        "pr_auc": 0.8292164477189454,
        "mcc": 0.0
    }
}