{
    "hits": {
        "hits@1": 0.25829954246807035,
        "hits@5": 0.5557603486783615,
        "hits@10": 0.7422208729969425,
        "soft_hits@1_eps=0.01": 0.7209488908645402,
        "soft_hits@5_eps=0.01": 0.7837890582648481,
        "soft_hits@10_eps=0.01": 0.8526356874905132,
        "soft_hits@1_eps=0.05": 0.8085738447860875,
        "soft_hits@5_eps=0.05": 0.8565821714335278,
        "soft_hits@10_eps=0.05": 0.9031593555521825,
        "soft_hits@1_eps=0.1": 0.8491011991239673,
        "soft_hits@5_eps=0.1": 0.892490838519418,
        "soft_hits@10_eps=0.1": 0.9305245354207776
    },
    "mrr": {
        "mrr": 0.4085583769998221,
        "soft_mrr@0.01": 0.7593995964764327,
        "soft_mrr@0.05": 0.8359220441442273,
        "soft_mrr@0.1": 0.8724464844798826
    },
    "mean_rank": {
        "mean_rank_strict": 6.98540668300193,
        "mean_rank_soft@0.01": 14.848775939458335,
        "mean_rank_soft@0.05": 17.62033523429538,
        "mean_rank_soft@0.1": 19.20341739488692
    },
    "ndcg": {
        "strict_ndcg@10": 0.47427683204038656,
        "soft_ndcg@10@0.01": 0.7824407860922812,
        "soft_ndcg@10@0.05": 0.856759621073234,
        "soft_ndcg@10@0.1": 0.8935508493395843
    },
    "median_rank": {
        "strict_median_rank": 4.0,
        "soft_median_rank@0.01": 16.0,
        "soft_median_rank@0.05": 19.0,
        "soft_median_rank@0.1": 21.0
    }
}