{
    "0.5": {
        "accuracy": 0.945009712958309,
        "balanced_accuracy": 0.9354331837076248,
        "precision": 0.9142352864271239,
        "recall": 0.9097946527310969,
        "f1_score": 0.9120095641778068,
        "roc_auc": 0.9875017527742581,
        "pr_auc": 0.9753967476805019,
        "mcc": 0.8720236746293666
    },
    "0.6": {
        "accuracy": 0.9454036651134989,
        "balanced_accuracy": 0.9319814122452754,
        "precision": 0.9272107164493908,
        "recall": 0.8960470108636728,
        "f1_score": 0.911362533633276,
        "roc_auc": 0.9875017527742581,
        "pr_auc": 0.9753967476805019,
        "mcc": 0.8721983724339633
    },
    "0.7": {
        "accuracy": 0.9445070843465149,
        "balanced_accuracy": 0.9267586076028655,
        "precision": 0.9397205033720364,
        "recall": 0.8792419281392979,
        "f1_score": 0.9084757914547532,
        "roc_auc": 0.9875017527742581,
        "pr_auc": 0.9753967476805019,
        "mcc": 0.8697110067547255
    },
    "0.8": {
        "accuracy": 0.9416950810318829,
        "balanced_accuracy": 0.918678854345905,
        "precision": 0.9520196545993208,
        "recall": 0.857059218943123,
        "f1_score": 0.9020471506492914,
        "roc_auc": 0.9875017527742581,
        "pr_auc": 0.9753967476805019,
        "mcc": 0.8631126663243179
    },
    "0.9": {
        "accuracy": 0.9334968008368087,
        "balanced_accuracy": 0.9012407127723887,
        "precision": 0.9677087088633671,
        "recall": 0.814883882299369,
        "f1_score": 0.884745323774882,
        "roc_auc": 0.9875017527742581,
        "pr_auc": 0.9753967476805019,
        "mcc": 0.8446090728680643
    },
    "1.0": {
        "accuracy": 0.6867604906742015,
        "balanced_accuracy": 0.5,
        "precision": 0.0,
        "recall": 0.0,
        "f1_score": 0.0,
        "roc_auc": 0.9875017527742581,
        "pr_auc": 0.9753967476805019,
        "mcc": 0.0
    }
}