{
    "0.5": {
        "accuracy": 0.9639533778001168,
        "balanced_accuracy": 0.9519377720182425,
        "precision": 0.9634971833545339,
        "recall": 0.9197692824771776,
        "f1_score": 0.9411255699404266,
        "roc_auc": 0.9937042439002781,
        "pr_auc": 0.9881375679958309,
        "mcc": 0.9156832302557695
    },
    "0.6": {
        "accuracy": 0.9629209514623776,
        "balanced_accuracy": 0.948243589473756,
        "precision": 0.9708184723701885,
        "recall": 0.908948977600451,
        "f1_score": 0.9388655579819699,
        "roc_auc": 0.9937042439002781,
        "pr_auc": 0.9881375679958309,
        "mcc": 0.9133166710962258
    },
    "0.7": {
        "accuracy": 0.9611617513210982,
        "balanced_accuracy": 0.9439554098650922,
        "precision": 0.9762123676827688,
        "recall": 0.8978901489689268,
        "f1_score": 0.9354146429620259,
        "roc_auc": 0.9937042439002781,
        "pr_auc": 0.9881375679958309,
        "mcc": 0.9093383692003069
    },
    "0.8": {
        "accuracy": 0.9575618436960863,
        "balanced_accuracy": 0.936440106574594,
        "precision": 0.9828275244023542,
        "recall": 0.879892447470564,
        "f1_score": 0.9285158573978307,
        "roc_auc": 0.9937042439002781,
        "pr_auc": 0.9881375679958309,
        "mcc": 0.9012504240782303
    },
    "0.9": {
        "accuracy": 0.9468707972776548,
        "balanced_accuracy": 0.9173109253871239,
        "precision": 0.990797939148489,
        "recall": 0.8381724743586964,
        "f1_score": 0.9081169975331845,
        "roc_auc": 0.9937042439002781,
        "pr_auc": 0.9881375679958309,
        "mcc": 0.8771437830357541
    },
    "1.0": {
        "accuracy": 0.6867604906742015,
        "balanced_accuracy": 0.5,
        "precision": 0.0,
        "recall": 0.0,
        "f1_score": 0.0,
        "roc_auc": 0.9937042439002781,
        "pr_auc": 0.9881375679958309,
        "mcc": 0.0
    }
}