{
    "hits": {
        "hits@1": 0.12471807772380292,
        "hits@5": 0.49501214434420543,
        "hits@10": 0.6869144691186676,
        "soft_hits@1_eps=0.01": 0.43047362942401113,
        "soft_hits@5_eps=0.01": 0.6366238723108952,
        "soft_hits@10_eps=0.01": 0.7779970506592644,
        "soft_hits@1_eps=0.05": 0.6397683900069396,
        "soft_hits@5_eps=0.05": 0.8289165510062456,
        "soft_hits@10_eps=0.05": 0.8522944136016655,
        "soft_hits@1_eps=0.1": 0.7843077723802915,
        "soft_hits@5_eps=0.1": 0.8611424358084664,
        "soft_hits@10_eps=0.1": 0.8866238723108952
    },
    "mrr": {
        "mrr": 0.29164775138337673,
        "soft_mrr@0.01": 0.5396520058377116,
        "soft_mrr@0.05": 0.7354251054903189,
        "soft_mrr@0.1": 0.8252730297690497
    },
    "mean_rank": {
        "mean_rank_strict": 9.976773941707147,
        "mean_rank_soft@0.01": 18.390852706453853,
        "mean_rank_soft@0.05": 24.550268910478835,
        "mean_rank_soft@0.1": 29.004207147814018
    },
    "ndcg": {
        "strict_ndcg@10": 0.37218817312182245,
        "soft_ndcg@10@0.01": 0.6316490325484431,
        "soft_ndcg@10@0.05": 0.800389740568942,
        "soft_ndcg@10@0.1": 0.8539262615624317
    },
    "median_rank": {
        "strict_median_rank": 6.0,
        "soft_median_rank@0.01": 19.0,
        "soft_median_rank@0.05": 26.0,
        "soft_median_rank@0.1": 32.0
    }
}