{
    "0.5": {
        "accuracy": 0.6855030195266336,
        "balanced_accuracy": 0.6854887689652333,
        "precision": 0.7619849900444172,
        "recall": 0.5394474323386537,
        "f1_score": 0.6316898815343398,
        "roc_auc": 0.8076959834844262,
        "pr_auc": 0.8291085839528867,
        "mcc": 0.38789681239204865
    },
    "0.6": {
        "accuracy": 0.6927563887111988,
        "balanced_accuracy": 0.6927347970243496,
        "precision": 0.8457169532404886,
        "recall": 0.4714607911172797,
        "f1_score": 0.6054192542259601,
        "roc_auc": 0.8076959834844262,
        "pr_auc": 0.8291085839528867,
        "mcc": 0.42986317510073746
    },
    "0.7": {
        "accuracy": 0.703923758307764,
        "balanced_accuracy": 0.7038981485896534,
        "precision": 0.9291582983385065,
        "recall": 0.4414469118667592,
        "f1_score": 0.5985298441634813,
        "roc_auc": 0.8076959834844262,
        "pr_auc": 0.8291085839528867,
        "mcc": 0.47911898344134457
    },
    "0.8": {
        "accuracy": 0.7046393373304566,
        "balanced_accuracy": 0.7046126654258619,
        "precision": 0.9513490241102182,
        "recall": 0.4312760235947259,
        "f1_score": 0.5935000596872388,
        "roc_auc": 0.8076959834844262,
        "pr_auc": 0.8291085839528867,
        "mcc": 0.48873234200513593
    },
    "0.9": {
        "accuracy": 0.7025034423687834,
        "balanced_accuracy": 0.7024757262358987,
        "precision": 0.9687703971481649,
        "recall": 0.4184377168632894,
        "f1_score": 0.584440170228233,
        "roc_auc": 0.8076959834844262,
        "pr_auc": 0.8291085839528867,
        "mcc": 0.4920736825915378
    },
    "1.0": {
        "accuracy": 0.5000487894788199,
        "balanced_accuracy": 0.5,
        "precision": 0.0,
        "recall": 0.0,
        "f1_score": 0.0,
        "roc_auc": 0.8076959834844262,
        "pr_auc": 0.8291085839528867,
        "mcc": 0.0
    }
}