{
    "hits": {
        "hits@1": 0.22102706453851492,
        "hits@5": 0.27036346287300483,
        "hits@10": 0.33425138792505205,
        "soft_hits@1_eps=0.01": 0.5323560027758502,
        "soft_hits@5_eps=0.01": 0.9426613462873005,
        "soft_hits@10_eps=0.01": 0.9745619361554476,
        "soft_hits@1_eps=0.05": 1.0,
        "soft_hits@5_eps=0.05": 1.0,
        "soft_hits@10_eps=0.05": 1.0,
        "soft_hits@1_eps=0.1": 1.0,
        "soft_hits@5_eps=0.1": 1.0,
        "soft_hits@10_eps=0.1": 1.0
    },
    "mrr": {
        "mrr": 0.26993319409875943,
        "soft_mrr@0.01": 0.7286878248129774,
        "soft_mrr@0.05": 1.0,
        "soft_mrr@0.1": 1.0
    },
    "mean_rank": {
        "mean_rank_strict": 22.03504510756419,
        "mean_rank_soft@0.01": 37.790878730048576,
        "mean_rank_soft@0.05": 43.0,
        "mean_rank_soft@0.1": 43.0
    },
    "ndcg": {
        "strict_ndcg@10": 0.26588086939370653,
        "soft_ndcg@10@0.01": 0.8780609432876766,
        "soft_ndcg@10@0.05": 1.0,
        "soft_ndcg@10@0.1": 1.0
    },
    "median_rank": {
        "strict_median_rank": 24.0,
        "soft_median_rank@0.01": 43.0,
        "soft_median_rank@0.05": 43.0,
        "soft_median_rank@0.1": 43.0
    }
}