{
    "0.5": {
        "accuracy": 0.5168432122992855,
        "balanced_accuracy": 0.5168571653842657,
        "precision": 0.5130596071157575,
        "recall": 0.6598499306037474,
        "f1_score": 0.5772693208875229,
        "roc_auc": 0.5230500666404746,
        "pr_auc": 0.5296951406746466,
        "mcc": 0.035183784242534814
    },
    "0.6": {
        "accuracy": 0.5000487894788199,
        "balanced_accuracy": 0.5,
        "precision": 0.0,
        "recall": 0.0,
        "f1_score": 0.0,
        "roc_auc": 0.5230500666404746,
        "pr_auc": 0.5296951406746466,
        "mcc": 0.0
    },
    "0.7": {
        "accuracy": 0.5000487894788199,
        "balanced_accuracy": 0.5,
        "precision": 0.0,
        "recall": 0.0,
        "f1_score": 0.0,
        "roc_auc": 0.5230500666404746,
        "pr_auc": 0.5296951406746466,
        "mcc": 0.0
    },
    "0.8": {
        "accuracy": 0.5000487894788199,
        "balanced_accuracy": 0.5,
        "precision": 0.0,
        "recall": 0.0,
        "f1_score": 0.0,
        "roc_auc": 0.5230500666404746,
        "pr_auc": 0.5296951406746466,
        "mcc": 0.0
    },
    "0.9": {
        "accuracy": 0.5000487894788199,
        "balanced_accuracy": 0.5,
        "precision": 0.0,
        "recall": 0.0,
        "f1_score": 0.0,
        "roc_auc": 0.5230500666404746,
        "pr_auc": 0.5296951406746466,
        "mcc": 0.0
    },
    "1.0": {
        "accuracy": 0.5000487894788199,
        "balanced_accuracy": 0.5,
        "precision": 0.0,
        "recall": 0.0,
        "f1_score": 0.0,
        "roc_auc": 0.5230500666404746,
        "pr_auc": 0.5296951406746466,
        "mcc": 0.0
    }
}