{
    "hits": {
        "hits@1": 0.23375693962526023,
        "hits@5": 0.4844942748091603,
        "hits@10": 0.6585053782095767,
        "soft_hits@1_eps=0.01": 0.5826032269257461,
        "soft_hits@5_eps=0.01": 0.6814061415683553,
        "soft_hits@10_eps=0.01": 0.7578504510756419,
        "soft_hits@1_eps=0.05": 0.7115718251214435,
        "soft_hits@5_eps=0.05": 0.7933726578764747,
        "soft_hits@10_eps=0.05": 0.8397380291464261,
        "soft_hits@1_eps=0.1": 0.7773030881332408,
        "soft_hits@5_eps=0.1": 0.8572172102706453,
        "soft_hits@10_eps=0.1": 0.8968815058986814
    },
    "mrr": {
        "mrr": 0.3609204050309432,
        "soft_mrr@0.01": 0.6421731367785812,
        "soft_mrr@0.05": 0.7574957359338774,
        "soft_mrr@0.1": 0.8198963420793908
    },
    "mean_rank": {
        "mean_rank_strict": 9.37389399722415,
        "mean_rank_soft@0.01": 18.224626995142263,
        "mean_rank_soft@0.05": 23.3668893129771,
        "mean_rank_soft@0.1": 26.71872831367106
    },
    "ndcg": {
        "strict_ndcg@10": 0.4158381808205803,
        "soft_ndcg@10@0.01": 0.6876252918299733,
        "soft_ndcg@10@0.05": 0.7927412103593681,
        "soft_ndcg@10@0.1": 0.8548469125388606
    },
    "median_rank": {
        "strict_median_rank": 6.0,
        "soft_median_rank@0.01": 18.0,
        "soft_median_rank@0.05": 22.0,
        "soft_median_rank@0.1": 26.0
    }
}