{
    "0.5": {
        "accuracy": 0.6983617577222903,
        "balanced_accuracy": 0.6983770603785164,
        "precision": 0.6509681572822266,
        "recall": 0.8552003816793893,
        "f1_score": 0.7392376114198949,
        "roc_auc": 0.8043023024656758,
        "pr_auc": 0.827988692548054,
        "mcc": 0.4178327086063548
    },
    "0.6": {
        "accuracy": 0.7057127058644953,
        "balanced_accuracy": 0.7056860075210847,
        "precision": 0.9542602615067771,
        "recall": 0.43207841776544065,
        "f1_score": 0.5948261706796435,
        "roc_auc": 0.8043023024656758,
        "pr_auc": 0.827988692548054,
        "mcc": 0.49150401743475475
    },
    "0.7": {
        "accuracy": 0.7024492318367612,
        "balanced_accuracy": 0.702421184561426,
        "precision": 0.9761273209549072,
        "recall": 0.41498959056210966,
        "f1_score": 0.5823848073528517,
        "roc_auc": 0.8043023024656758,
        "pr_auc": 0.827988692548054,
        "mcc": 0.49478316643855036
    },
    "0.8": {
        "accuracy": 0.696724599655221,
        "balanced_accuracy": 0.6966957038402937,
        "precision": 0.9823954898415063,
        "recall": 0.4005681818181818,
        "f1_score": 0.5690914132544598,
        "roc_auc": 0.8043023024656758,
        "pr_auc": 0.827988692548054,
        "mcc": 0.48824686304636383
    },
    "0.9": {
        "accuracy": 0.6885821777454924,
        "balanced_accuracy": 0.6885522312973141,
        "precision": 0.9882082093323601,
        "recall": 0.38165770298403884,
        "f1_score": 0.5506484566887252,
        "roc_auc": 0.8043023024656758,
        "pr_auc": 0.827988692548054,
        "mcc": 0.47768514737967904
    },
    "1.0": {
        "accuracy": 0.5000487894788199,
        "balanced_accuracy": 0.5,
        "precision": 0.0,
        "recall": 0.0,
        "f1_score": 0.0,
        "roc_auc": 0.8043023024656758,
        "pr_auc": 0.827988692548054,
        "mcc": 0.0
    }
}