{
    "0.5": {
        "accuracy": 0.6901976515997528,
        "balanced_accuracy": 0.6902032960481512,
        "precision": 0.6704373177842565,
        "recall": 0.7480482303955587,
        "f1_score": 0.7071195752444599,
        "roc_auc": 0.800156725422015,
        "pr_auc": 0.8211197096794673,
        "mcc": 0.38297647471734314
    },
    "0.6": {
        "accuracy": 0.6991098630641961,
        "balanced_accuracy": 0.6990825542141578,
        "precision": 0.9521721997832726,
        "recall": 0.41921842470506593,
        "f1_score": 0.5821362965639775,
        "roc_auc": 0.800156725422015,
        "pr_auc": 0.8211197096794673,
        "mcc": 0.4804985441577986
    },
    "0.7": {
        "accuracy": 0.6953584942482626,
        "balanced_accuracy": 0.695330135864745,
        "precision": 0.9664422578974624,
        "recall": 0.4047102706453852,
        "f1_score": 0.5705114487481275,
        "roc_auc": 0.800156725422015,
        "pr_auc": 0.8211197096794673,
        "mcc": 0.4801005291134156
    },
    "0.8": {
        "accuracy": 0.6907180727071656,
        "balanced_accuracy": 0.6906888657943793,
        "precision": 0.9750918521720338,
        "recall": 0.3913731783483692,
        "f1_score": 0.5585577220674713,
        "roc_auc": 0.800156725422015,
        "pr_auc": 0.8211197096794673,
        "mcc": 0.476128888333089
    },
    "0.9": {
        "accuracy": 0.6846790194398967,
        "balanced_accuracy": 0.684648943883257,
        "precision": 0.9813987674563238,
        "recall": 0.3764312977099237,
        "f1_score": 0.5441464599758616,
        "roc_auc": 0.800156725422015,
        "pr_auc": 0.8211197096794673,
        "mcc": 0.4690227410159966
    },
    "1.0": {
        "accuracy": 0.5000487894788199,
        "balanced_accuracy": 0.5,
        "precision": 0.0,
        "recall": 0.0,
        "f1_score": 0.0,
        "roc_auc": 0.800156725422015,
        "pr_auc": 0.8211197096794673,
        "mcc": 0.0
    }
}