{
    "hits": {
        "hits@1": 0.10814972241498959,
        "hits@5": 0.4104137751561416,
        "hits@10": 0.5615674878556558,
        "soft_hits@1_eps=0.01": 0.4191967383761277,
        "soft_hits@5_eps=0.01": 0.5518303261623873,
        "soft_hits@10_eps=0.01": 0.6613246009715475,
        "soft_hits@1_eps=0.05": 0.6307251908396947,
        "soft_hits@5_eps=0.05": 0.7573733518390007,
        "soft_hits@10_eps=0.05": 0.8287430603747398,
        "soft_hits@1_eps=0.1": 0.7704502081887578,
        "soft_hits@5_eps=0.1": 0.8722024635669674,
        "soft_hits@10_eps=0.1": 0.9122354267869535
    },
    "mrr": {
        "mrr": 0.2737476074136731,
        "soft_mrr@0.01": 0.4995535719839537,
        "soft_mrr@0.05": 0.695766412069321,
        "soft_mrr@0.1": 0.8156751416211215
    },
    "mean_rank": {
        "mean_rank_strict": 11.08390440666204,
        "mean_rank_soft@0.01": 22.200034698126302,
        "mean_rank_soft@0.05": 29.870749479528104,
        "mean_rank_soft@0.1": 33.78274635669674
    },
    "ndcg": {
        "strict_ndcg@10": 0.32321628638368705,
        "soft_ndcg@10@0.01": 0.5571026838702423,
        "soft_ndcg@10@0.05": 0.7545926206488228,
        "soft_ndcg@10@0.1": 0.8622718216382016
    },
    "median_rank": {
        "strict_median_rank": 9.0,
        "soft_median_rank@0.01": 21.0,
        "soft_median_rank@0.05": 30.0,
        "soft_median_rank@0.1": 34.0
    }
}