{
    "0.5": {
        "accuracy": 0.6563702796179242,
        "balanced_accuracy": 0.6563834585456887,
        "precision": 0.6230792870313461,
        "recall": 0.7914425746009716,
        "f1_score": 0.6972412211990371,
        "roc_auc": 0.7690175663975856,
        "pr_auc": 0.7990081466485017,
        "mcc": 0.3248393349656402
    },
    "0.6": {
        "accuracy": 0.6753439658256806,
        "balanced_accuracy": 0.6753218534560022,
        "precision": 0.8206155310541763,
        "recall": 0.4487118320610687,
        "f1_score": 0.5801811401172083,
        "roc_auc": 0.7690175663975856,
        "pr_auc": 0.7990081466485017,
        "mcc": 0.3933711814279026
    },
    "0.7": {
        "accuracy": 0.6746609131222013,
        "balanced_accuracy": 0.6746332199993618,
        "precision": 0.903856763127539,
        "recall": 0.3908310201249133,
        "f1_score": 0.5456995352076426,
        "roc_auc": 0.7690175663975856,
        "pr_auc": 0.7990081466485017,
        "mcc": 0.4242387950636134
    },
    "0.8": {
        "accuracy": 0.669109754643132,
        "balanced_accuracy": 0.669079310767662,
        "precision": 0.9496510756098968,
        "recall": 0.35708709229701596,
        "f1_score": 0.5190146727395943,
        "roc_auc": 0.7690175663975856,
        "pr_auc": 0.7990081466485017,
        "mcc": 0.4327541737064084
    },
    "0.9": {
        "accuracy": 0.6588856483037524,
        "balanced_accuracy": 0.6588532185372872,
        "precision": 0.9737420773509249,
        "recall": 0.32650936849410134,
        "f1_score": 0.4890375807970897,
        "roc_auc": 0.7690175663975856,
        "pr_auc": 0.7990081466485017,
        "mcc": 0.42525645843534116
    },
    "1.0": {
        "accuracy": 0.5000487894788199,
        "balanced_accuracy": 0.5,
        "precision": 0.0,
        "recall": 0.0,
        "f1_score": 0.0,
        "roc_auc": 0.7690175663975856,
        "pr_auc": 0.7990081466485017,
        "mcc": 0.0
    }
}