{
    "hits": {
        "hits@1": 0.04020645385149202,
        "hits@5": 0.13480222068008327,
        "hits@10": 0.248265093684941,
        "soft_hits@1_eps=0.01": 0.05397727272727273,
        "soft_hits@5_eps=0.01": 0.31826856349757116,
        "soft_hits@10_eps=0.01": 0.5265440666204025,
        "soft_hits@1_eps=0.05": 0.20443702290076335,
        "soft_hits@5_eps=0.05": 0.9467383761276891,
        "soft_hits@10_eps=0.05": 0.9998048230395559,
        "soft_hits@1_eps=0.1": 0.5125563844552394,
        "soft_hits@5_eps=0.1": 0.9977663081193615,
        "soft_hits@10_eps=0.1": 0.9999783136710617
    },
    "mrr": {
        "mrr": 0.11787980459683192,
        "soft_mrr@0.01": 0.18887086299785646,
        "soft_mrr@0.05": 0.48141649107938206,
        "soft_mrr@0.1": 0.7238480329307608
    },
    "mean_rank": {
        "mean_rank_strict": 21.685895211658572,
        "mean_rank_soft@0.01": 30.001518043025676,
        "mean_rank_soft@0.05": 40.27730308813324,
        "mean_rank_soft@0.1": 41.408874045801525
    },
    "ndcg": {
        "strict_ndcg@10": 0.12289552638984164,
        "soft_ndcg@10@0.01": 0.3221941058399233,
        "soft_ndcg@10@0.05": 0.7809775463947884,
        "soft_ndcg@10@0.1": 0.8981830352359692
    },
    "median_rank": {
        "strict_median_rank": 22.0,
        "soft_median_rank@0.01": 34.0,
        "soft_median_rank@0.05": 43.0,
        "soft_median_rank@0.1": 43.0
    }
}