{
    "0.5": {
        "accuracy": 0.5084839482614683,
        "balanced_accuracy": 0.5084505479702405,
        "precision": 0.526742747146982,
        "recall": 0.16616065232477445,
        "f1_score": 0.2526294965214811,
        "roc_auc": 0.5069960717355266,
        "pr_auc": 0.5277193832702226,
        "mcc": 0.023185968268406534
    },
    "0.6": {
        "accuracy": 0.5105005800526926,
        "balanced_accuracy": 0.510454154159274,
        "precision": 0.7157564905998209,
        "recall": 0.0346764399722415,
        "f1_score": 0.06614818185578952,
        "roc_auc": 0.5069960717355266,
        "pr_auc": 0.5277193832702226,
        "mcc": 0.06800092282594872
    },
    "0.7": {
        "accuracy": 0.5110426853729142,
        "balanced_accuracy": 0.5109950491767566,
        "precision": 0.9651376146788991,
        "recall": 0.022814018043025675,
        "f1_score": 0.04457438244142197,
        "roc_auc": 0.5069960717355266,
        "pr_auc": 0.5277193832702226,
        "mcc": 0.10174395141625753
    },
    "0.8": {
        "accuracy": 0.5100777379029198,
        "balanced_accuracy": 0.5100299271339348,
        "precision": 1.0,
        "recall": 0.020059854267869534,
        "f1_score": 0.039330739630503646,
        "roc_auc": 0.5069960717355266,
        "pr_auc": 0.5277193832702226,
        "mcc": 0.10066044112991042
    },
    "0.9": {
        "accuracy": 0.5056758427027203,
        "balanced_accuracy": 0.5056276023594726,
        "precision": 1.0,
        "recall": 0.011255204718945177,
        "f1_score": 0.022259870043533272,
        "roc_auc": 0.5069960717355266,
        "pr_auc": 0.5277193832702226,
        "mcc": 0.0752329756142853
    },
    "1.0": {
        "accuracy": 0.5000487894788199,
        "balanced_accuracy": 0.5,
        "precision": 0.0,
        "recall": 0.0,
        "f1_score": 0.0,
        "roc_auc": 0.5069960717355266,
        "pr_auc": 0.5277193832702226,
        "mcc": 0.0
    }
}