{
    "hits": {
        "hits@1": 0.2916711841620227,
        "hits@5": 0.5985862046533816,
        "hits@10": 0.7865212394561658,
        "soft_hits@1_eps=0.01": 0.9697942190515428,
        "soft_hits@5_eps=0.01": 0.9785545460459266,
        "soft_hits@10_eps=0.01": 0.9791183294663574,
        "soft_hits@1_eps=0.05": 0.9844742719604485,
        "soft_hits@5_eps=0.05": 0.9891580111455646,
        "soft_hits@10_eps=0.05": 0.9893748509226532,
        "soft_hits@1_eps=0.1": 0.9887676995468049,
        "soft_hits@5_eps=0.1": 0.9915649326712492,
        "soft_hits@10_eps=0.1": 0.9916299846043758
    },
    "mrr": {
        "mrr": 0.44677493958809755,
        "soft_mrr@0.01": 0.9742439251675034,
        "soft_mrr@0.05": 0.9868397563749101,
        "soft_mrr@0.1": 0.990241422177237
    },
    "mean_rank": {
        "mean_rank_strict": 6.954420278855953,
        "mean_rank_soft@0.01": 19.452869874449767,
        "mean_rank_soft@0.05": 20.560899451395365,
        "mean_rank_soft@0.1": 21.06776243034022
    },
    "ndcg": {
        "strict_ndcg@10": 0.5175748517559563,
        "soft_ndcg@10@0.01": 0.9750848582292728,
        "soft_ndcg@10@0.05": 0.9873657749089183,
        "soft_ndcg@10@0.1": 0.9905562333802953
    },
    "median_rank": {
        "strict_median_rank": 3.0,
        "soft_median_rank@0.01": 19.0,
        "soft_median_rank@0.05": 19.0,
        "soft_median_rank@0.1": 20.0
    }
}