{
    "0.5": {
        "accuracy": 0.983589855052776,
        "balanced_accuracy": 0.9778863617435907,
        "precision": 0.9846512143728513,
        "recall": 0.9626168224299065,
        "f1_score": 0.9735093528650688,
        "roc_auc": 0.999107454973733,
        "pr_auc": 0.9980993524250341,
        "mcc": 0.9617539394544807
    },
    "0.6": {
        "accuracy": 0.983562685938625,
        "balanced_accuracy": 0.977200239246361,
        "precision": 0.9870048815282081,
        "recall": 0.9601665329488042,
        "f1_score": 0.9734007474170148,
        "roc_auc": 0.999107454973733,
        "pr_auc": 0.9980993524250341,
        "mcc": 0.961701783231729
    },
    "0.7": {
        "accuracy": 0.9835491013815495,
        "balanced_accuracy": 0.976577078541452,
        "precision": 0.9892290122489196,
        "recall": 0.9579113992670816,
        "f1_score": 0.9733183510696896,
        "roc_auc": 0.999107454973733,
        "pr_auc": 0.9980993524250341,
        "mcc": 0.9616914278919924
    },
    "0.8": {
        "accuracy": 0.9832842025185768,
        "balanced_accuracy": 0.9756471135394701,
        "precision": 0.9911128110516132,
        "recall": 0.9552009020534726,
        "f1_score": 0.9728255468568842,
        "roc_auc": 0.999107454973733,
        "pr_auc": 0.9980993524250341,
        "mcc": 0.9611023631151627
    },
    "0.9": {
        "accuracy": 0.9826457283360276,
        "balanced_accuracy": 0.973961624722706,
        "precision": 0.9936092099895754,
        "recall": 0.9507123186677364,
        "f1_score": 0.971687554713385,
        "roc_auc": 0.999107454973733,
        "pr_auc": 0.9980993524250341,
        "mcc": 0.9596701658940788
    },
    "1.0": {
        "accuracy": 0.6867604906742015,
        "balanced_accuracy": 0.5,
        "precision": 0.0,
        "recall": 0.0,
        "f1_score": 0.0,
        "roc_auc": 0.999107454973733,
        "pr_auc": 0.9980993524250341,
        "mcc": 0.0
    }
}