{
    "hits": {
        "hits@1": 0.03396079111727967,
        "hits@5": 0.11970853573907009,
        "hits@10": 0.22349930603747398,
        "soft_hits@1_eps=0.01": 0.9999566273421235,
        "soft_hits@5_eps=0.01": 1.0,
        "soft_hits@10_eps=0.01": 1.0,
        "soft_hits@1_eps=0.05": 1.0,
        "soft_hits@5_eps=0.05": 1.0,
        "soft_hits@10_eps=0.05": 1.0,
        "soft_hits@1_eps=0.1": 1.0,
        "soft_hits@5_eps=0.1": 1.0,
        "soft_hits@10_eps=0.1": 1.0
    },
    "mrr": {
        "mrr": 0.10590752563333176,
        "soft_mrr@0.01": 0.9999783136710617,
        "soft_mrr@0.05": 1.0,
        "soft_mrr@0.1": 1.0
    },
    "mean_rank": {
        "mean_rank_strict": 23.408288514920194,
        "mean_rank_soft@0.01": 42.999869882026374,
        "mean_rank_soft@0.05": 43.0,
        "mean_rank_soft@0.1": 43.0
    },
    "ndcg": {
        "strict_ndcg@10": 0.10841962039987657,
        "soft_ndcg@10@0.01": 0.999992752335683,
        "soft_ndcg@10@0.05": 1.0,
        "soft_ndcg@10@0.1": 1.0
    },
    "median_rank": {
        "strict_median_rank": 24.0,
        "soft_median_rank@0.01": 43.0,
        "soft_median_rank@0.05": 43.0,
        "soft_median_rank@0.1": 43.0
    }
}