{
    "0.5": {
        "accuracy": 0.45195320546875845,
        "balanced_accuracy": 0.45196977427454843,
        "precision": 0.4640972514487358,
        "recall": 0.6217687369882027,
        "f1_score": 0.5314857725461117,
        "roc_auc": 0.43156618080776,
        "pr_auc": 0.4551215084921566,
        "mcc": -0.10213033028156433
    },
    "0.6": {
        "accuracy": 0.5000487894788199,
        "balanced_accuracy": 0.5,
        "precision": 0.0,
        "recall": 0.0,
        "f1_score": 0.0,
        "roc_auc": 0.43156618080776,
        "pr_auc": 0.4551215084921566,
        "mcc": 0.0
    },
    "0.7": {
        "accuracy": 0.5000487894788199,
        "balanced_accuracy": 0.5,
        "precision": 0.0,
        "recall": 0.0,
        "f1_score": 0.0,
        "roc_auc": 0.43156618080776,
        "pr_auc": 0.4551215084921566,
        "mcc": 0.0
    },
    "0.8": {
        "accuracy": 0.5000487894788199,
        "balanced_accuracy": 0.5,
        "precision": 0.0,
        "recall": 0.0,
        "f1_score": 0.0,
        "roc_auc": 0.43156618080776,
        "pr_auc": 0.4551215084921566,
        "mcc": 0.0
    },
    "0.9": {
        "accuracy": 0.5000487894788199,
        "balanced_accuracy": 0.5,
        "precision": 0.0,
        "recall": 0.0,
        "f1_score": 0.0,
        "roc_auc": 0.43156618080776,
        "pr_auc": 0.4551215084921566,
        "mcc": 0.0
    },
    "1.0": {
        "accuracy": 0.5000487894788199,
        "balanced_accuracy": 0.5,
        "precision": 0.0,
        "recall": 0.0,
        "f1_score": 0.0,
        "roc_auc": 0.43156618080776,
        "pr_auc": 0.4551215084921566,
        "mcc": 0.0
    }
}