{
    "hits": {
        "hits@1": 0.16950365375024395,
        "hits@5": 0.6709456382678839,
        "hits@10": 0.9117245267471865,
        "soft_hits@1_eps=0.01": 0.25123056573497843,
        "soft_hits@5_eps=0.01": 0.6910033176485895,
        "soft_hits@10_eps=0.01": 0.9177743565279615,
        "soft_hits@1_eps=0.05": 0.4252011188932498,
        "soft_hits@5_eps=0.05": 0.7599149988073812,
        "soft_hits@10_eps=0.05": 0.9354684823384002,
        "soft_hits@1_eps=0.1": 0.606240648784613,
        "soft_hits@5_eps=0.1": 0.8007892967886029,
        "soft_hits@10_eps=0.1": 0.9521434611965219
    },
    "mrr": {
        "mrr": 0.37821565942098073,
        "soft_mrr@0.01": 0.4332194857126221,
        "soft_mrr@0.05": 0.5623520882543732,
        "soft_mrr@0.1": 0.6982081018501478
    },
    "mean_rank": {
        "mean_rank_strict": 4.912917145521174,
        "mean_rank_soft@0.01": 5.266712925819112,
        "mean_rank_soft@0.05": 6.34568597263482,
        "mean_rank_soft@0.1": 7.530086519071058
    },
    "ndcg": {
        "strict_ndcg@10": 0.49944637474778414,
        "soft_ndcg@10@0.01": 0.5602063808755458,
        "soft_ndcg@10@0.05": 0.6884051727822715,
        "soft_ndcg@10@0.1": 0.7932898199870452
    },
    "median_rank": {
        "strict_median_rank": 4.0,
        "soft_median_rank@0.01": 4.0,
        "soft_median_rank@0.05": 5.0,
        "soft_median_rank@0.1": 6.0
    }
}