{
    "0.5": {
        "accuracy": 0.8590941817342046,
        "balanced_accuracy": 0.837388853955879,
        "precision": 0.7727937381730604,
        "recall": 0.779278790901403,
        "f1_score": 0.7760227162306604,
        "roc_auc": 0.9289675330023867,
        "pr_auc": 0.8309220757156894,
        "mcc": 0.6732538301680634
    },
    "0.6": {
        "accuracy": 0.858632306793637,
        "balanced_accuracy": 0.8220097681879155,
        "precision": 0.805088015432843,
        "recall": 0.7239629637660733,
        "f1_score": 0.762373411579344,
        "roc_auc": 0.9289675330023867,
        "pr_auc": 0.8309220757156894,
        "mcc": 0.6640563708685194
    },
    "0.7": {
        "accuracy": 0.8549373072690964,
        "balanced_accuracy": 0.8062522253895477,
        "precision": 0.8294130168697781,
        "recall": 0.6759112691632153,
        "f1_score": 0.7448356611190098,
        "roc_auc": 0.9289675330023867,
        "pr_auc": 0.8309220757156894,
        "mcc": 0.651556828607923
    },
    "0.8": {
        "accuracy": 0.8378275576324834,
        "balanced_accuracy": 0.767654721584234,
        "precision": 0.8560268929085961,
        "recall": 0.5797861959797905,
        "f1_score": 0.6913331264867101,
        "roc_auc": 0.9289675330023867,
        "pr_auc": 0.8309220757156894,
        "mcc": 0.6072918245960661
    },
    "0.9": {
        "accuracy": 0.7465053726923234,
        "balanced_accuracy": 0.6014575600341803,
        "precision": 0.904897808874977,
        "recall": 0.21313181690049224,
        "f1_score": 0.34500429982976183,
        "roc_auc": 0.9289675330023867,
        "pr_auc": 0.8309220757156894,
        "mcc": 0.36002700329351583
    },
    "1.0": {
        "accuracy": 0.6867604906742015,
        "balanced_accuracy": 0.5,
        "precision": 0.0,
        "recall": 0.0,
        "f1_score": 0.0,
        "roc_auc": 0.9289675330023867,
        "pr_auc": 0.8309220757156894,
        "mcc": 0.0
    }
}