{
    "hits": {
        "hits@1": 0.14155300648350932,
        "hits@5": 0.5955938157295574,
        "hits@10": 0.8208469761693085,
        "soft_hits@1_eps=0.01": 0.7835939024654682,
        "soft_hits@5_eps=0.01": 0.840254136218748,
        "soft_hits@10_eps=0.01": 0.8848580783658955,
        "soft_hits@1_eps=0.05": 0.8204349805928399,
        "soft_hits@5_eps=0.05": 0.8695491901034326,
        "soft_hits@10_eps=0.05": 0.9173406769737841,
        "soft_hits@1_eps=0.1": 0.8416852787475334,
        "soft_hits@5_eps=0.1": 0.8848797623436043,
        "soft_hits@10_eps=0.1": 0.9324760934145759
    },
    "mrr": {
        "mrr": 0.3565424293680521,
        "soft_mrr@0.01": 0.8185672536249894,
        "soft_mrr@0.05": 0.8517565370962136,
        "soft_mrr@0.1": 0.8700871442696796
    },
    "mean_rank": {
        "mean_rank_strict": 7.040939349914348,
        "mean_rank_soft@0.01": 16.947633193833077,
        "mean_rank_soft@0.05": 18.447752455710475,
        "mean_rank_soft@0.1": 19.192358566255393
    },
    "ndcg": {
        "strict_ndcg@10": 0.45914776643168936,
        "soft_ndcg@10@0.01": 0.8328134783498404,
        "soft_ndcg@10@0.05": 0.8710267040644207,
        "soft_ndcg@10@0.1": 0.8915116888033499
    },
    "median_rank": {
        "strict_median_rank": 4.0,
        "soft_median_rank@0.01": 14.0,
        "soft_median_rank@0.05": 16.0,
        "soft_median_rank@0.1": 16.0
    }
}