{
    "0.5": {
        "accuracy": 0.9372189694755002,
        "balanced_accuracy": 0.9161983767419624,
        "precision": 0.9344250706880302,
        "recall": 0.8599215040006939,
        "f1_score": 0.8956265456146888,
        "roc_auc": 0.9827918587346238,
        "pr_auc": 0.9687467477778575,
        "mcc": 0.8523471049774293
    },
    "0.6": {
        "accuracy": 0.9373412304891799,
        "balanced_accuracy": 0.911823488780753,
        "precision": 0.9509142466021316,
        "recall": 0.8435067328750786,
        "f1_score": 0.8939959781671933,
        "roc_auc": 0.9827918587346238,
        "pr_auc": 0.9687467477778575,
        "mcc": 0.8528232225718417
    },
    "0.7": {
        "accuracy": 0.9371714235257359,
        "balanced_accuracy": 0.9091524289812505,
        "precision": 0.9600439242307021,
        "recall": 0.8341392545048464,
        "f1_score": 0.8926739841737638,
        "roc_auc": 0.9827918587346238,
        "pr_auc": 0.9687467477778575,
        "mcc": 0.852758458206403
    },
    "0.8": {
        "accuracy": 0.9359963593387037,
        "balanced_accuracy": 0.9055371998650799,
        "precision": 0.9667735205820994,
        "recall": 0.8239911529370948,
        "f1_score": 0.8896901302927783,
        "roc_auc": 0.9827918587346238,
        "pr_auc": 0.9687467477778575,
        "mcc": 0.8503656954816068
    },
    "0.9": {
        "accuracy": 0.9316764701886895,
        "balanced_accuracy": 0.8970495506757763,
        "precision": 0.9728297928140571,
        "recall": 0.8043454691328578,
        "f1_score": 0.8806010896530441,
        "roc_auc": 0.9827918587346238,
        "pr_auc": 0.9687467477778575,
        "mcc": 0.8407411794191978
    },
    "1.0": {
        "accuracy": 0.6867604906742015,
        "balanced_accuracy": 0.5,
        "precision": 0.0,
        "recall": 0.0,
        "f1_score": 0.0,
        "roc_auc": 0.9827918587346238,
        "pr_auc": 0.9687467477778575,
        "mcc": 0.0
    }
}