{
    "hits": {
        "hits@1": 0.5335559555044778,
        "hits@5": 0.6671292581911226,
        "hits@10": 0.7857406162586464,
        "soft_hits@1_eps=0.01": 0.5836025760565519,
        "soft_hits@5_eps=0.01": 0.7160916798577531,
        "soft_hits@10_eps=0.01": 0.8298891948739077,
        "soft_hits@1_eps=0.05": 0.7141618058416636,
        "soft_hits@5_eps=0.05": 0.8412732831710649,
        "soft_hits@10_eps=0.05": 0.9241494459743695,
        "soft_hits@1_eps=0.1": 0.8116746535984561,
        "soft_hits@5_eps=0.1": 0.9251252249712687,
        "soft_hits@10_eps=0.1": 0.9741526985710258
    },
    "mrr": {
        "mrr": 0.6112755447121065,
        "soft_mrr@0.01": 0.656027291579262,
        "soft_mrr@0.05": 0.7752652601712186,
        "soft_mrr@0.1": 0.8620982400969651
    },
    "mean_rank": {
        "mean_rank_strict": 5.329618145152547,
        "mean_rank_soft@0.01": 6.175011384088297,
        "mean_rank_soft@0.05": 9.136240431944836,
        "mean_rank_soft@0.1": 11.720450159377236
    },
    "ndcg": {
        "strict_ndcg@10": 0.6408384577180822,
        "soft_ndcg@10@0.01": 0.711976744252818,
        "soft_ndcg@10@0.05": 0.8405107095453513,
        "soft_ndcg@10@0.1": 0.9169408344247141
    },
    "median_rank": {
        "strict_median_rank": 1.0,
        "soft_median_rank@0.01": 2.0,
        "soft_median_rank@0.05": 4.0,
        "soft_median_rank@0.1": 10.0
    }
}