{
    "0.5": {
        "accuracy": 0.8244682004466899,
        "balanced_accuracy": 0.8244682004466899,
        "precision": 0.7885865267786543,
        "recall": 0.8866361645380229,
        "f1_score": 0.8347419565572431,
        "roc_auc": 0.8725438543003259,
        "pr_auc": 0.8203513195270989,
        "mcc": 0.6540114110100538
    },
    "0.6": {
        "accuracy": 0.8169221762040029,
        "balanced_accuracy": 0.8169221762040029,
        "precision": 0.7933013585920411,
        "recall": 0.8571893228093761,
        "f1_score": 0.8240088381206487,
        "roc_auc": 0.8725438543003259,
        "pr_auc": 0.8203513195270989,
        "mcc": 0.6359098904111199
    },
    "0.7": {
        "accuracy": 0.803207060303142,
        "balanced_accuracy": 0.803207060303142,
        "precision": 0.7963755828740992,
        "recall": 0.814732094455407,
        "f1_score": 0.8054492641778407,
        "roc_auc": 0.8725438543003259,
        "pr_auc": 0.8203513195270989,
        "mcc": 0.6065752804518886
    },
    "0.8": {
        "accuracy": 0.7776416505843832,
        "balanced_accuracy": 0.7776416505843833,
        "precision": 0.7993127308429566,
        "recall": 0.7414402497994232,
        "f1_score": 0.7692896113392205,
        "roc_auc": 0.8725438543003259,
        "pr_auc": 0.8203513195270989,
        "mcc": 0.5567444920692683
    },
    "0.9": {
        "accuracy": 0.7272155604224039,
        "balanced_accuracy": 0.7272155604224039,
        "precision": 0.8048113564301713,
        "recall": 0.5999306112713316,
        "f1_score": 0.6874301190150819,
        "roc_auc": 0.8725438543003259,
        "pr_auc": 0.8203513195270989,
        "mcc": 0.46991268737672187
    },
    "1.0": {
        "accuracy": 0.5,
        "balanced_accuracy": 0.5,
        "precision": 0.0,
        "recall": 0.0,
        "f1_score": 0.0,
        "roc_auc": 0.8725438543003259,
        "pr_auc": 0.8203513195270989,
        "mcc": 0.0
    }
}